id,company_id,year,net_profit_margin_pct,operating_profit_margin_pct,return_on_equity_pct,debt_to_equity,interest_coverage,asset_turnover,free_cash_flow_cr,capex_cr,earnings_per_share,book_value_per_share,dividend_payout_ratio_pct,total_debt_cr,cash_from_operations_cr
1,ABB,Dec 2012,8.771929824561402,12.220205686630369,22.411128284389488,0.0,,1.822491730981257,42.0,59.0,68.0,3.081,25.0,0,101.0
3,ABB,Mar 2014,8.699472759226714,11.731107205623902,25.12690355329949,0.0,,1.9982440737489024,0.0,0.0,93.0,3.7524,25.0,0,0.0
5,ABB,Mar 2015,10.004368719965049,13.630406290956751,24.439701173959445,0.0,,1.665938864628821,-1899.0,1864.0,108.0,4.4619,29.0,0,-35.0
7,ABB,Mar 2016,9.755164498852334,13.963274674827849,21.338912133891213,0.0,138.33333333333334,1.6175742574257426,728.0,816.0,120.0,5.6905,29.0,0,1544.0
9,ABB,Mar 2017,9.541853255253187,13.709955218739237,19.971160778658977,0.0,227.5,1.40513068731849,459.0,1730.0,130.0,6.6048,31.0,0,2189.0
11,ABB,Mar 2018,12.15888417222559,15.918738629472406,23.685764914353218,0.0,160.5,1.365066225165563,-994.0,3192.0,189.0,8.0619,29.0,0,2198.0
13,ABB,Mar 2019,12.231584669747214,16.444686055993476,22.410358565737052,0.0,359.0,1.2509350561033663,-459.0,3050.0,212.0,9.5619,31.0,0,2591.0
15,ABB,Mar 2020,14.488150500855118,18.49499144881505,24.39325380501851,0.07198683669271905,96.77777777777777,1.153932901043135,-206.0,5643.0,279.0,11.5762,90.0,175,5437.0
17,ABB,Mar 2021,16.03248259860789,21.392111368909514,26.5564950038432,0.058800922367409685,55.72222222222222,1.1223958333333333,-225.0,4009.0,325.0,12.3905,85.0,153,3784.0
19,ABB,Mar 2022,16.26297577854671,22.023203745165887,28.333333333333332,0.05390070921985816,61.31578947368421,1.1631155303030303,161.0,3936.0,376.0,13.4286,73.0,152,4097.0
21,ABB,Mar 2023,17.74163395027108,22.546270330902974,29.767879548306148,0.03544542032622334,85.0,1.1740561896400352,-922.0,4699.0,447.0,15.181,73.0,113,3777.0
23,ABB,Mar 2024,20.533424517011454,24.84185330825782,32.46823465801568,0.022438496891051634,141.75,1.1263238975544,1095.0,4943.0,565.0,17.6143,73.0,83,6038.0
24,ADANIENSOL,Mar 2014,,,0.0,0.0,,,0.0,0.0,0.0,0.1,,0,0.0
25,ADANIENSOL,Mar 2015,-5.343511450381679,77.09923664122137,-0.6463527239150507,8.95752539242844,1.4246575342465753,0.011399234249912982,-1899.0,1864.0,0.0,0.0994,0.0,9701,-35.0
26,ADANIENSOL,Mar 2016,16.773017319963536,87.83044667274385,13.77245508982036,3.2129491017964074,2.0867293625914316,0.18678699131619275,728.0,816.0,3.0,0.2429,0.0,8585,1544.0
27,ADANIENSOL,Mar 2017,14.464534075104313,68.94993045897078,14.116050220563285,3.045469969460468,2.2179203539823007,0.22449457497463118,459.0,1730.0,4.0,0.2679,0.0,8975,2189.0
28,ADANIENSOL,Mar 2018,28.98073022312373,71.65314401622717,18.87072808320951,1.7216443784051512,3.31489841986456,0.22843903851723138,-994.0,3192.0,10.0,0.5506,0.0,10428,2198.0
29,ADANIENSOL,Mar 2019,7.652292950034223,38.02874743326489,6.950142981474575,2.50366778565212,2.2386772106398274,0.2243688187235088,-459.0,3050.0,5.0,0.7312,0.0,20137,2591.0
30,ADANIENSOL,Mar 2020,6.184302733006307,37.29852838121934,8.30685963054477,2.8528062124955875,2.019213583556747,0.2874770214801944,-206.0,5643.0,7.0,0.7726,0.0,24246,5437.0
31,ADANIENSOL,Mar 2021,12.996171670360667,39.79447914567802,14.46350487722839,3.0378966251821953,2.3925366084081245,0.22958782439746495,-225.0,4009.0,11.0,0.8108,0.0,27095,3784.0
32,ADANIENSOL,Mar 2022,10.978859477704743,37.360099484810796,12.46847573892868,3.016443054574801,2.3221987315010573,0.23719029158941513,161.0,3936.0,11.0,0.9012,0.0,29902,4097.0
33,ADANIENSOL,Mar 2023,9.636650868878357,33.98781313473256,10.90305557919823,2.916843986722274,2.193815174397699,0.24647704516798932,-922.0,4699.0,11.0,1.0537,0.0,34270,3777.0
34,ADANIENSOL,Mar 2024,7.201782380923707,34.38911302462817,9.461276797721698,2.93252116130053,2.284784965666787,0.2836960606785336,1095.0,4943.0,10.0,1.1337,0.0,37070,6038.0
35,ADANIENT,Mar 2013,2.6264150943396225,12.983288409703503,5.692652832305104,3.240418769863526,2.2325315005727377,0.41453996120531683,-7124.0,14790.0,15.0,19.4509,10.0,69332,7666.0
36,ADANIENT,Mar 2014,4.815549529546654,17.07645549347553,11.1377699204445,3.0298438355011155,1.84815009644047,0.4652503767929417,221.0,8007.0,20.0,21.5973,7.0,71980,8228.0
37,ADANIENT,Mar 2015,3.564725044597844,19.312805398278137,8.931902985074627,3.248250932835821,1.876700680272109,0.4931608500742055,-2933.0,11465.0,18.0,23.3891,8.0,83571,8532.0
38,ADANIENT,Mar 2016,2.9404845918607387,4.951776052693484,7.4749588877261175,1.4328748691882194,2.0103168754605747,0.8159504786583172,3287.0,1825.0,9.0,12.1618,4.0,19169,5112.0
39,ADANIENT,Mar 2017,2.5319574083705145,5.206251881860236,6.543576683644596,1.4746745897000566,2.1089896579156724,0.7673226775325029,-686.0,1460.0,9.0,12.8509,4.0,20846,774.0
40,ADANIENT,Mar 2018,1.653490702594366,5.673087629439929,3.936642587315263,1.1688647359003248,1.9208,0.6368938923854268,-4707.0,7649.0,7.0,13.7173,6.0,17637,2942.0
41,ADANIENT,Mar 2019,1.2531266252259838,4.876297085118502,3.429113580916238,0.7619273515857956,1.5218461538461538,0.9492900131653188,5723.0,2487.0,7.0,13.4145,6.0,11243,3236.0
42,ADANIENT,Mar 2020,2.3961477317236133,5.285348939013432,6.136779370980115,0.7328140673865581,2.013994910941476,0.9259306666666667,1372.0,1082.0,10.0,15.4064,10.0,12419,2454.0
43,ADANIENT,Mar 2021,2.645623087234742,6.338366593317652,6.0959263360335685,0.9456844804475786,2.178649237472767,0.7659685762442606,-4568.0,8611.0,8.0,15.5991,12.0,16227,4043.0
44,ADANIENT,Mar 2022,1.135119562085854,5.3500432152117545,3.5404591813811384,1.8692546165251382,1.870942201108472,0.6833618805740949,-15656.0,17041.0,7.0,20.2336,14.0,41604,1385.0
45,ADANIENT,Mar 2023,1.899012074643249,6.913909361768857,7.328068742246831,1.6096335965628876,2.431846812799194,0.9027590990812441,2167.0,15459.0,22.0,28.9921,6.0,53200,17626.0
46,ADANIENT,Mar 2024,3.458790097592848,11.799296833677312,8.534650424813185,1.671358378544375,2.7492864983534577,0.6004321671876751,-8455.0,18767.0,28.0,34.2772,5.0,65310,10312.0
47,ADANIGREEN,Mar 2017,-9.362549800796813,80.2788844621514,-3.906899418121363,3.6134663341645887,1.4461077844311376,0.08149350649350649,-1483.0,1511.0,0.0,0.0944,0.0,4347,28.0
48,ADANIGREEN,Mar 2018,-9.324324324324325,56.95945945945946,-10.290827740492169,7.355704697986577,1.6032608695652173,0.09421350818002419,-3779.0,4428.0,-1.0,0.0857,0.0,9864,649.0
49,ADANIGREEN,Mar 2019,-23.080660835762874,74.14965986394559,-24.573202276254527,5.764097258147957,1.4264049955396967,0.14040114613180515,-1041.0,2666.0,-3.0,0.1236,0.0,11142,1625.0
50,ADANIGREEN,Mar 2020,-2.6677128285602194,56.88505296194586,-2.8850233347475602,6.307170131523122,1.3457286432160804,0.13835214937038645,-1778.0,3743.0,0.0,0.1507,0.0,14866,1965.0
51,ADANIGREEN,Mar 2021,5.8258642765685025,71.73495518565942,8.272727272727273,11.004090909090909,1.3476702508960574,0.10888052418792694,-7536.0,9137.0,1.0,0.1407,0.0,24209,1601.0
52,ADANIGREEN,Mar 2022,9.526592635885448,68.42002727449834,18.706962509563887,20.211170619739864,1.5357279327474207,0.08706788343454218,-15603.0,18730.0,3.0,0.1671,0.0,52832,3127.0
53,ADANIGREEN,Mar 2023,12.512860082304528,63.91460905349794,13.321467688937568,7.423740416210296,1.936447956028856,0.11621754920862665,3408.0,3857.0,6.0,0.4611,0.0,54223,7265.0
54,ADANIGREEN,Mar 2024,13.665943600867678,79.3709327548807,12.812690665039659,6.595281675818589,1.713943268078306,0.10467043571055559,-13347.0,21060.0,7.0,0.6208,0.0,64858,7713.0
67,ADANIPORTS,Mar 2013,45.820519988817445,66.59211629857423,25.633406318423525,1.817328745699093,5.029520295202952,0.17004991680532447,-3757.0,5136.0,8.0,1.5945,12.0,11620,1379.0
68,ADANIPORTS,Mar 2014,36.04554865424431,60.43478260869565,19.86309184255562,1.4807758128921849,3.6888433981576254,0.19572881630668235,-1378.0,2510.0,8.0,2.1171,12.0,12979,1132.0
69,ADANIPORTS,Mar 2015,37.77633289986996,63.42652795838751,21.58848118903855,1.651277287505806,3.90468085106383,0.19175861853999127,572.0,2485.0,11.0,2.6002,10.0,17776,3057.0
70,ADANIPORTS,Mar 2016,40.17442678295119,64.38317625545083,21.147723065531284,1.6543502406516104,4.72153024911032,0.18520255308063047,-1772.0,4153.0,14.0,3.2621,8.0,22342,2381.0
71,ADANIPORTS,Mar 2017,46.23770588932338,64.20191965872733,22.264064817984707,1.2674883030925481,5.784050179211469,0.19458599460444095,1434.0,2629.0,19.0,4.2333,7.0,22214,4063.0
72,ADANIPORTS,Mar 2018,32.588536606906295,63.20763048662016,17.652968473424867,1.0701813136870306,5.067131095630145,0.23972646243092752,1762.0,3846.0,18.0,5.049,11.0,22370,5608.0
73,ADANIPORTS,Mar 2019,37.02517162471396,60.37528604118994,16.596914492040046,1.1370425077958313,5.693140794223827,0.19401182717408677,1661.0,4368.0,19.0,5.887,1.0,27712,6029.0
74,ADANIPORTS,Mar 2020,31.8790533142424,50.08843594710688,14.868209136976077,1.1879640177554307,4.036391594054331,0.1917567065587803,6653.0,749.0,19.0,6.2702,17.0,30242,7402.0
75,ADANIPORTS,Mar 2021,40.23107569721115,69.22709163346613,16.586183108307875,1.1778522387569397,4.725055432372505,0.16827116462417205,-6508.0,14064.0,25.0,7.4978,20.0,35855,7556.0
76,ADANIPORTS,Mar 2022,28.93276476429698,55.65745662713943,11.843332297171278,1.1461944955883407,4.465408805031447,0.1741009681881051,4927.0,5493.0,23.0,9.9102,22.0,47935,10420.0
77,ADANIPORTS,Mar 2023,25.85363514291195,52.498561289084975,11.8773271056864,1.1772455881380952,4.771053745239103,0.18524737258246493,-4816.0,16716.0,25.0,10.5067,20.0,53434,11900.0
78,ADANIPORTS,Mar 2024,30.339560480700833,58.36172363445772,15.3548827162833,0.9373223691689719,5.949506037321624,0.22830109659056916,8250.0,6768.0,38.0,12.2171,16.0,49470,15018.0
79,ADANIPOWER,Mar 2013,-34.294680215182304,14.34548714883443,-53.459119496855344,9.735616119263918,0.6899588960657663,0.12236688121708601,-1063.0,4064.0,-10.0,0.1794,0.0,41795,3001.0
80,ADANIPOWER,Mar 2014,-1.8984864300626305,29.964770354906058,-4.447501146263182,6.747669264863212,1.1364728495915426,0.2609509865676978,-1462.0,4700.0,-1.0,0.2278,0.0,44150,3238.0
81,ADANIPOWER,Mar 2015,-4.367606915377617,25.03880533104962,-14.253275109170305,7.815196506550218,1.2060032894736843,0.3195095256011219,1087.0,4737.0,-3.0,0.1993,0.0,44742,5824.0
82,ADANIPOWER,Mar 2016,2.171257437837412,34.6849509398274,7.378146759507231,7.06065881092662,1.5469424460431656,0.33481542074570547,2565.0,2692.0,2.0,0.224,0.0,52729,5257.0
83,ADANIPOWER,Mar 2017,-27.299257163070394,26.44145737530951,-205.79999999999998,17.494666666666667,0.3920704845814978,0.31625903707121983,3513.0,1212.0,-16.0,0.0778,0.0,52484,4725.0
84,ADANIPOWER,Mar 2018,-10.35756501182033,26.773049645390074,-236.55793025871765,59.43194600674916,1.111310592459605,0.29202623403520883,4581.0,520.0,-5.0,0.023,0.0,52835,5101.0
85,ADANIPOWER,Mar 2019,-4.119912912409982,20.86333947412494,-12.759336099585061,6.091804979253112,1.313593777620647,0.3513127895859381,4626.0,984.0,-3.0,0.1999,0.0,46980,5610.0
86,ADANIPOWER,Mar 2020,-8.595284872298626,21.66389602538915,-35.102607622280516,8.517049837987965,1.139604891815616,0.3527890703098967,3294.0,2304.0,-6.0,0.168,0.0,55199,5598.0
87,ADANIPOWER,Mar 2021,4.84344609282636,33.13374775942947,9.685045374818882,4.005109433386716,2.0754014884449665,0.3327284724513362,4826.0,2188.0,3.0,0.34,0.0,52519,7014.0
88,ADANIPOWER,Mar 2022,17.725812854101257,35.6573201977554,26.613209080565635,2.662675407704394,3.3672771672771673,0.33801734548248985,11007.0,774.0,13.0,0.4785,0.0,49145,10233.0
89,ADANIPOWER,Mar 2023,27.666159440848016,26.038738297268715,35.90507430713616,1.4175257731958764,4.2927414517096585,0.4517891891262045,9976.0,1545.0,28.0,0.7746,0.0,42350,8431.0
90,ADANIPOWER,Mar 2024,41.36759945184802,36.20186292228556,48.27674122146251,0.8023177656738903,8.297225501770956,0.5472399439185297,17651.0,3481.0,54.0,1.1186,0.0,34616,14170.0
91,AMBUJACEM,Dec 2012,13.252641296543235,25.36670427736178,14.686825053995682,0.006820506991019666,32.58974358974359,0.7897124341838802,1472.0,388.0,8.0,2.8562,43.0,60,1860.0
92,AMBUJACEM,Dec 2013,13.950442091474729,18.218535094422005,13.506658211794548,0.0050729232720355105,30.73134328358209,0.7070855202222909,771.0,496.0,8.0,3.0621,44.0,48,1267.0
93,AMBUJACEM,Dec 2014,14.937217478653944,19.427423405323957,14.766633565044687,0.0033763654419066533,35.65151515151515,0.7173223807465052,1219.0,456.0,10.0,3.2484,46.0,34,1675.0
94,AMBUJACEM,Dec 2015,8.562043022146868,16.33993853979019,7.866809463538117,0.0034076526141563626,20.597826086956523,0.6677280124531239,1474.0,83.0,5.0,3.3132,54.0,35,1557.0
95,AMBUJACEM,Dec 2016,7.136458644371454,15.830596197870012,7.234751021643711,0.00146309469754301,23.673202614379086,0.6121740190104802,-1355.0,4165.0,6.0,4.9927,50.0,29,2810.0
96,AMBUJACEM,Dec 2017,8.238383667245541,16.34122580371892,9.408862229102168,0.0011609907120743034,20.354368932038835,0.6648736939930722,2678.0,738.0,8.0,5.2071,47.0,24,3416.0
97,AMBUJACEM,Dec 2018,11.416612265273992,15.402634307438271,13.29012069736254,0.001788109074653554,24.958823529411763,0.6964510176245621,938.0,765.0,11.0,5.6348,14.0,40,1703.0
98,AMBUJACEM,Dec 2019,10.267857142857142,16.960596221959857,11.558268959215882,0.0017027992358169283,30.576470588235296,0.6745980387276619,3548.0,1191.0,11.0,6.065,14.0,41,4739.0
99,AMBUJACEM,Dec 2020,12.673356175558819,20.41931799641051,13.65294195192688,0.02069692841762974,37.81428571428572,0.6172516239488394,3515.0,1317.0,12.0,5.7322,151.0,471,4832.0
100,AMBUJACEM,Dec 2021,12.812014500258934,21.439668565510097,14.636743709079436,0.01881359943204228,44.26027397260274,0.6407477048999004,3302.0,2007.0,14.0,6.3864,45.0,477,5309.0
101,AMBUJACEM,Mar 2024,14.288299155609169,19.300361881785282,11.428984947896565,0.01686125048243921,28.264492753623188,0.5081135747230352,-3295.0,8941.0,16.0,9.4218,12.0,699,5646.0
102,APOLLOHOSP,Mar 2013,8.039267710267975,16.23772884054126,11.030214779759739,0.4415726246814707,6.262135922330097,0.7829248026589115,-290.0,733.0,22.0,3.9243,25.0,1213,443.0
103,APOLLOHOSP,Mar 2014,7.229745237548772,15.515262795501492,10.581121934833725,0.4514612025529056,5.831932773109243,0.814392523364486,17.0,356.0,23.0,4.2529,25.0,1344,373.0
104,APOLLOHOSP,Mar 2015,6.531487619418989,14.369272762721778,10.561160151324085,0.6279949558638083,6.6440677966101696,0.7940857717912989,-289.0,759.0,24.0,4.5314,24.0,1992,470.0
105,APOLLOHOSP,Mar 2016,3.8211382113821135,11.121951219512196,7.052821128451381,0.8505402160864346,4.311111111111111,0.8355978260869565,-291.0,888.0,17.0,4.76,35.0,2834,597.0
106,APOLLOHOSP,Mar 2017,1.8054024255788312,10.115766262403527,3.952926976463488,0.9429692214846107,3.0894941634241246,0.8954708132790324,-529.0,1152.0,16.0,4.7343,38.0,3125,623.0
107,APOLLOHOSP,Mar 2018,0.7278903311901006,9.717335921387845,1.8450184501845017,1.0538130381303814,2.7966101694915255,0.9589343880874825,132.0,405.0,8.0,4.6457,59.0,3427,537.0
108,APOLLOHOSP,Mar 2019,2.0796506186960593,11.126130810023916,5.9988002399520095,1.1016796640671866,3.3516819571865444,1.0492035784420686,194.0,711.0,17.0,4.7629,35.0,3673,905.0
109,APOLLOHOSP,Mar 2020,3.841024273139504,14.145994487418868,12.934131736526947,1.0766467065868264,3.401500938086304,0.996279564177518,1004.0,289.0,33.0,4.7714,18.0,3596,1293.0
110,APOLLOHOSP,Mar 2021,1.2973484848484849,10.795454545454545,2.976319791440365,0.9037584184227677,2.7683741648106905,0.9269662921348315,385.0,880.0,10.0,6.3931,29.0,4160,1265.0
111,APOLLOHOSP,Mar 2022,7.556434563186251,14.928732183045762,19.704783923172684,0.723457229237062,6.746701846965699,1.1057235502601614,949.0,747.0,73.0,7.8097,16.0,4068,1696.0
112,APOLLOHOSP,Mar 2023,5.080664579821816,12.430772935227546,13.617295901903839,0.6989351403678606,5.616797900262467,1.152330743618202,520.0,857.0,57.0,8.6083,26.0,4332,1377.0
113,APOLLOHOSP,Mar 2024,4.905818773282963,12.56099480560365,13.480392156862745,0.7688869665513264,5.565701559020044,1.1383944570541153,383.0,1537.0,63.0,9.6333,26.0,5333,1920.0
115,ASIANPAINT,Mar 2013,11.043412033511043,16.536557501904035,34.2789598108747,0.0741725768321513,44.07142857142857,1.5483490566037736,724.0,463.0,12.0,3.525,40.0,251,1187.0
117,ASIANPAINT,Mar 2014,10.335515548281506,16.399345335515548,31.27011636543699,0.06164892300074276,44.333333333333336,1.513312693498452,816.0,586.0,13.0,4.2073,42.0,249,1402.0
119,ASIANPAINT,Mar 2015,10.481087036356959,16.47447668013221,30.09278785322649,0.08814846056516237,56.785714285714285,1.5273726722010321,723.0,465.0,15.0,4.9396,42.0,418,1188.0
121,ASIANPAINT,Mar 2016,12.634013033424427,19.09466750753276,27.632183908045977,0.04950191570881226,59.95918367346939,1.351548442087319,1377.0,866.0,18.0,6.7969,41.0,323,2243.0
123,ASIANPAINT,Mar 2017,13.384676669764971,19.87783826849024,26.512361914781696,0.07364544976328248,90.05405405405405,1.2141878274889157,846.0,681.0,20.0,7.9208,51.0,560,1527.0
125,ASIANPAINT,Mar 2018,12.469539375928678,19.043090638930163,24.94649227110583,0.0633769322235434,86.34146341463415,1.2224805638305603,557.0,1556.0,21.0,8.7604,41.0,533,2113.0
127,ASIANPAINT,Mar 2019,11.476091476091476,19.56860706860707,23.3132720937599,0.13937282229965156,36.71818181818182,1.1840728660225244,1552.0,918.0,22.0,9.8656,47.0,1320,2470.0
129,ASIANPAINT,Mar 2020,13.725199148978279,20.568007520657066,27.38400789733465,0.11036525172754195,44.23529411764706,1.2523856735654977,2520.0,518.0,28.0,10.5521,43.0,1118,3038.0
131,ASIANPAINT,Mar 2021,14.769953484087875,22.36448210749321,25.042948617835393,0.0853506168983289,56.391304347826086,1.0667157946450503,3142.0,541.0,33.0,13.3396,55.0,1093,3683.0
133,ASIANPAINT,Mar 2022,10.60101027456101,16.50802377925157,22.335650159281784,0.11490008688097307,53.68421052631579,1.2675755727850857,669.0,317.0,32.0,14.3875,61.0,1587,986.0
135,ASIANPAINT,Mar 2023,12.163298442981821,18.150714720635566,26.231865932966482,0.12087293646823412,46.46527777777778,1.3378719112455875,2911.0,1282.0,43.0,16.6583,60.0,1933,4193.0
137,ASIANPAINT,Mar 2024,15.658543456824905,21.3692069305536,29.677488252883382,0.1321016659547202,41.00487804878049,1.187084044011906,3556.0,2548.0,57.0,19.5083,58.0,2474,6104.0
139,BAJAJ-AUTO,Mar 2013,15.645443196004994,18.257178526841447,38.84686918784873,0.014383137011779294,4446.0,1.5840056953013764,824.0,1394.0,108.0,2.7907,42.0,116,2218.0
141,BAJAJ-AUTO,Mar 2014,16.785022595222724,20.673387297015445,33.24481164551982,0.0058030884233303826,4837.0,1.3154559707342566,1430.0,2072.0,117.0,3.518,43.0,59,3502.0
143,BAJAJ-AUTO,Mar 2015,14.012502894188469,19.115536003704563,27.273546642631818,0.010094637223974764,726.0,1.3525616935988976,1734.0,380.0,105.0,3.8391,48.0,112,2114.0
145,BAJAJ-AUTO,Mar 2016,17.989722689820148,21.23239124656685,28.96576319543509,0.008416547788873038,5987.0,1.3093967517401393,3622.0,68.0,140.0,4.8512,39.0,118,3690.0
147,BAJAJ-AUTO,Mar 2017,18.7497127097219,20.358538267065043,22.843862007168457,0.006720430107526882,5897.0,1.0054071540807838,-343.0,3610.0,141.0,6.1785,39.0,120,3267.0
149,BAJAJ-AUTO,Mar 2018,16.735422451408173,19.22253074176914,20.656058751529986,0.005924112607099143,6250.0,1.0027445209021122,2374.0,1954.0,146.0,7.0675,41.0,121,4328.0
151,BAJAJ-AUTO,Mar 2019,16.2329534224916,17.12234007510376,21.211208195239532,0.005380278052769767,1806.5,1.0528542692654506,2214.0,273.0,170.0,8.0391,35.0,125,2487.0
153,BAJAJ-AUTO,Mar 2020,17.42036832781844,17.076105484808984,24.06056689133044,0.005816637429600221,2313.6666666666665,1.1285929837797057,5616.0,1766.0,180.0,7.4955,67.0,126,3850.0
155,BAJAJ-AUTO,Mar 2021,17.508381096571863,17.800367686817346,17.808821911780882,0.0044366223004436624,929.7142857142857,0.8255758585798464,251.0,2869.0,168.0,9.437,83.0,121,3120.0
157,BAJAJ-AUTO,Mar 2022,18.60310755770101,15.866646553024587,20.650390167118793,0.004119360996684417,881.1111111111111,0.9440061519182023,4473.0,276.0,213.0,10.3318,66.0,123,4197.0
159,BAJAJ-AUTO,Mar 2023,16.62323412426279,17.734192840488273,20.638921054424088,0.004223145562291397,204.2,1.037539845173042,6488.0,1211.0,214.0,10.3753,65.0,124,5277.0
161,BAJAJ-AUTO,Mar 2024,17.178515712057056,19.534209939826162,26.61418410330778,0.06601754022512257,174.41666666666666,1.1404534363562424,6486.0,72.0,276.0,10.3806,29.0,1912,6558.0
162,AXISBANK,Mar 2013,19.05234889452967,30.58161350844278,15.6191567645817,8.93461608058387,1.2697298122424057,0.07981900293048468,-8366.0,10939.0,22.0,7.085,16.0,296254,2573.0
163,AXISBANK,Mar 2014,20.293071374955126,31.474168597630626,16.194395249505156,8.680070840712574,1.3034436191762322,0.0793089167852983,298.0,14166.0,26.0,8.1694,15.0,333280,14464.0
164,AXISBANK,Mar 2015,20.739028721215366,31.36221426759492,16.369663396293575,9.046652873256358,1.331261207411835,0.07593265174652161,-23134.0,7972.0,31.0,9.4829,15.0,406638,-15162.0
165,AXISBANK,Mar 2016,20.064409095344978,32.611983995315704,15.355029033402415,8.815511865419444,1.4272756376053783,0.07501642608627218,-25284.0,9211.0,35.0,11.2283,14.0,472150,-34495.0
166,AXISBANK,Mar 2017,8.259620133806294,53.450675766692115,6.525363604114934,9.355037247250799,2.0353263193909847,0.07284508276883928,19751.0,12458.0,15.0,11.7704,33.0,527437,32209.0
167,AXISBANK,Mar 2018,0.6028833551769331,63.11708169506335,0.42985967262136526,9.522715591757908,2.632716330810614,0.06505585452953874,-48397.0,10007.0,1.0,12.516,0.0,611425,-38390.0
168,AXISBANK,Mar 2019,8.505801476739535,49.385298075873855,6.898026606884752,10.501106162060116,2.0674028941355673,0.06754655142338394,18451.0,18674.0,18.0,13.1911,6.0,711996,37125.0
169,AXISBANK,Mar 2020,2.5975892073122058,55.984673106090845,1.8844104702339586,9.234850590687978,2.2559052584153956,0.06750392295489033,20931.0,9485.0,6.0,15.3085,0.0,797337,30416.0
170,AXISBANK,Mar 2021,10.400025258106274,50.119976004799035,6.359441666505782,8.210427244821128,2.588470319634703,0.06328240118680725,-41655.0,54288.0,22.0,16.8995,0.0,850551,12633.0
171,AXISBANK,Mar 2022,19.33152262641554,44.4691808777476,11.01377461716035,8.632964375406939,1.968793114775639,0.056345695985629454,1025.0,27112.0,42.0,19.2607,2.0,1020943,28137.0
172,AXISBANK,Mar 2023,11.248884505189986,34.15645108261707,7.381666037401469,8.876784737365254,1.8029486464721551,0.06334636995339248,-10276.0,32351.0,31.0,21.1026,3.0,1152038,22075.0
173,AXISBANK,Mar 2024,22.73130411725443,34.69264599658038,15.832712405189048,8.249122739980766,1.691203992514036,0.0720367478374617,-14556.0,9001.0,81.0,25.4494,1.0,1295302,-5555.0
174,BAJAJFINSV,Mar 2013,27.48603351955307,48.80198634388579,28.377339143809277,1.6650858754165598,3.2666112956810633,0.12322166131252868,-3969.0,2953.0,10.0,9.7525,2.0,12991,-6922.0
175,BAJAJFINSV,Mar 2014,36.37722065415906,74.5641706790636,23.528780068728523,2.0948238831615122,2.87708066581306,0.08097280292539961,-6043.0,3764.0,10.0,11.64,2.0,19507,-9807.0
176,BAJAJFINSV,Mar 2015,21.25275694750772,48.619320688134096,21.724231220128054,2.372801875732708,2.4748878923766817,0.12847395384685134,-7022.0,3709.0,11.0,13.8613,2.0,26312,-10731.0
177,BAJAJFINSV,Mar 2016,13.514829786197827,32.82033799249987,20.405912199426428,2.651812633281859,2.3423705248522766,0.19752575732797184,-10681.0,886.0,12.0,16.9988,1.0,36062,-9795.0
178,BAJAJFINSV,Mar 2017,14.077610478638755,35.553107275472314,21.360906445421335,2.989412420283574,2.344725511302476,0.19054690780163902,-10771.0,151.0,14.0,20.1887,1.0,48282,-10922.0
179,BAJAJFINSV,Mar 2018,12.707686689793682,32.82819061530034,20.387638529512277,3.2072938534394377,2.3811520635621277,0.20346223856755452,-20502.0,922.0,17.0,25.6038,1.0,65695,-19580.0
180,BAJAJFINSV,Mar 2019,12.61354301138364,35.29397957986152,22.636899747262003,4.201937657961246,2.259125732311852,0.20441111558907632,-33979.0,6903.0,20.0,29.675,1.0,99754,-27076.0
181,BAJAJFINSV,Mar 2020,11.028315946348734,33.59275818292212,19.148936170212767,4.0640214682767875,1.9218947368421053,0.21627590488014517,-33317.0,9948.0,21.0,39.1275,2.0,127212,-23369.0
182,BAJAJFINSV,Mar 2021,12.158370742012146,32.415170319514125,20.56098241696902,3.585291655037678,2.1171015742937245,0.21651985920777572,863.0,3684.0,28.0,44.7875,1.0,128461,4547.0
183,BAJAJFINSV,Mar 2022,12.153904628248984,31.364207818027655,20.657440306109773,4.004745695331329,2.2289957420292867,0.20516896461745643,-32225.0,1445.0,29.0,50.3088,1.0,161179,-33670.0
184,BAJAJFINSV,Mar 2023,14.877181011794521,36.39243590993274,26.310685887904846,4.573986683043507,2.4126817447495963,0.2024464665849369,-53425.0,13945.0,40.0,29.1868,2.0,212265,-39480.0
185,BAJAJFINSV,Mar 2024,14.128209309488865,37.04045949520755,25.850351412279537,4.789368120938867,2.197130112323319,0.2053943414307379,-79634.0,10960.0,51.0,37.9421,2.0,288933,-68674.0
186,BAJAJHLDNG,Mar 2013,550.7418397626113,95.54896142433235,17.941034316094733,0.0,,0.03127610208816705,104.0,369.0,167.0,9.3198,15.0,0,473.0
187,BAJAJHLDNG,Mar 2014,469.97635933806146,94.56264775413712,16.56804733727811,0.0,,0.03398136246786632,353.0,519.0,179.0,10.8099,17.0,0,872.0
188,BAJAJHLDNG,Mar 2015,387.2137404580153,92.36641221374046,15.149705069812589,0.0,,0.037716835816598286,332.0,464.0,182.0,12.0658,19.0,0,796.0
189,BAJAJHLDNG,Mar 2016,481.9148936170213,91.27659574468086,14.810697704832275,0.0,,0.030377456049638055,2166.0,1019.0,204.0,13.7775,16.0,0,1147.0
190,BAJAJHLDNG,Mar 2017,293.70546318289786,74.58432304038006,13.879223257380177,0.0,,0.047068030633350105,-1295.0,372.0,222.0,16.0523,15.0,0,-923.0
191,BAJAJHLDNG,Mar 2018,632.1428571428571,84.52380952380952,10.535296218404032,0.0,,0.016621156357592308,508.0,1123.0,239.0,22.7036,17.0,0,1631.0
192,BAJAJHLDNG,Mar 2019,707.1925754060325,80.51044083526682,11.308993766696348,0.0,,0.0159582345971564,465.0,163.0,274.0,24.2811,12.0,0,628.0
193,BAJAJHLDNG,Mar 2020,708.0459770114943,69.19540229885057,11.093901955840508,0.006051219248640277,258.38461538461536,0.013290965199058938,1120.0,800.0,269.0,25.0117,15.0,168,1920.0
194,BAJAJHLDNG,Mar 2021,799.562363238512,77.02407002188184,9.831301961417386,0.0036591600075335648,950.75,0.010046163992086172,-36.0,308.0,328.0,33.4838,12.0,136,272.0
195,BAJAJHLDNG,Mar 2022,852.4793388429752,75.82644628099173,9.630736193455022,0.0026609401988702676,1421.0,0.009031872807344929,1459.0,151.0,364.0,38.5964,32.0,114,1610.0
196,BAJAJHLDNG,Mar 2023,947.5095785440614,72.79693486590038,11.194604137431535,0.0021049296093431716,721.8571428571429,0.009814243814394224,1591.0,137.0,436.0,39.8036,28.0,93,1728.0
197,BAJAJHLDNG,Mar 2024,432.7262044653349,91.7743830787309,13.576787656460265,0.0011613545449517945,3764.5,0.026119918356071883,1469.0,472.0,653.0,48.8712,20.0,63,1941.0
198,BAJFINANCE,Mar 2015,16.654302670623146,32.49258160237389,18.708333333333332,5.553125,68.34615384615384,0.16449054301403296,-7424.0,360.0,18.0,9.6,10.0,26655,-7064.0
199,BAJFINANCE,Mar 2016,17.522948349088914,32.25099328675161,17.220950585700823,4.985189174633096,68.02857142857142,0.1553871372916356,-10557.0,687.0,24.0,13.7537,10.0,37025,-9870.0
200,BAJFINANCE,Mar 2017,18.415245737211634,32.59779338014042,19.125,5.130208333333333,149.04545454545453,0.15643878175456213,-13486.0,3047.0,33.0,8.8073,11.0,49250,-10439.0
201,BAJFINANCE,Mar 2018,19.58261415345991,32.28463831790366,15.749621403331652,4.1997097425542655,414.6,0.15031014882426472,-19491.0,1075.0,43.0,13.7809,9.0,66557,-20566.0
202,BAJFINANCE,Mar 2019,21.609779845296696,29.501812084167252,20.2822764888054,5.1575366807127985,422.15384615384613,0.1488090925921454,-34441.0,5379.0,69.0,17.1278,9.0,101588,-29062.0
203,BAJFINANCE,Mar 2020,19.959050580116784,34.72738302874043,16.283098243009157,4.015280871071517,1020.8888888888889,0.1604345736688748,-33170.0,8758.0,87.0,26.94,11.0,129806,-24412.0
204,BAJFINANCE,Mar 2021,16.5710643722116,40.63659880778315,11.972479549271359,3.5655777669429547,3621.0,0.15555490756400536,-1236.0,429.0,73.0,30.765,14.0,131634,-807.0
205,BAJFINANCE,Mar 2022,22.211687367655887,37.546221674409786,16.07759705350811,3.779928167821929,-700.6470588235294,0.14889461944603918,-30743.0,6347.0,116.0,36.1264,17.0,165232,-37090.0
206,BAJFINANCE,Mar 2023,27.7897177078554,30.65127623095313,21.16530567203708,3.985323328183624,-2546.4,0.15046180230065473,-52506.0,10394.0,190.0,44.9355,16.0,216690,-42112.0
207,BAJFINANCE,Mar 2024,26.287928399912687,29.285818234737686,18.841921351830603,3.824788776468134,2689.1666666666665,0.14630251608816688,-79931.0,7171.0,233.0,61.8516,15.0,293346,-72760.0
208,BANKBARODA,Mar 2013,13.251193677624718,30.047747104988748,14.509344390361157,15.299320954269575,2.4280647306583907,0.06514631194503984,22682.0,514.0,23.0,7.8681,19.0,509192,23196.0
209,BANKBARODA,Mar 2014,12.4459382645874,29.777821713664338,13.306206568552328,16.301767643406347,2.169396939693969,0.059847301598570636,41503.0,730.0,23.0,8.7812,19.0,616973,42233.0
210,BANKBARODA,Mar 2015,8.794389402204164,29.981075364577535,9.400733019182256,15.838045599504975,2.4716461736098365,0.06119493273530382,17282.0,556.0,18.0,9.4635,18.0,665483,17838.0
211,BANKBARODA,Mar 2016,-10.98932291098059,55.440075110810284,-11.841517069383338,14.599816483542337,4.233144192256342,0.06626271570214692,-14016.0,4005.0,-22.0,9.1998,0.0,620536,-10011.0
212,BANKBARODA,Mar 2017,4.171070087468801,43.28468958694039,4.307242204007709,15.057909768500243,2.4240897064382008,0.06183538742185936,17314.0,551.0,8.0,9.3219,15.0,648499,17865.0
213,BANKBARODA,Mar 2018,-3.986451276706618,56.654941809970474,-3.9427908774642444,14.437808701627796,3.2623873873873874,0.061588989510508216,-60106.0,414.0,-7.0,8.786,0.0,672311,-59692.0
214,BANKBARODA,Mar 2019,2.203908819415567,48.79408762711223,2.1201541930322207,13.354716706669576,3.271839736274883,0.06454548781826833,-3986.0,2537.0,4.0,10.3766,0.0,734456,-1449.0
215,BANKBARODA,Mar 2020,1.2434248051207302,51.439254705621394,1.2890255439924314,14.046318196152633,3.327700762857846,0.06574939475888278,18392.0,139.0,2.0,8.2275,0.0,1068981,18531.0
216,BANKBARODA,Mar 2021,2.1799391770056786,51.22857065963344,1.9662580410243962,12.95270057045758,2.591475454483557,0.061791002829544674,-1358.0,471.0,3.0,7.9527,0.0,1067173,-887.0
217,BANKBARODA,Mar 2022,10.810111058118144,51.12488928255093,8.635121749447583,12.902404510770772,2.6060437651962487,0.05475998062861488,2565.0,3645.0,15.0,8.8677,19.0,1185331,6210.0
218,BANKBARODA,Mar 2023,15.877802821074463,40.45480037670762,14.282994621864736,12.77989624482414,2.3494930875576037,0.06193380698630487,-22450.0,1096.0,29.0,10.1404,19.0,1342592,-21354.0
219,BANKBARODA,Mar 2024,15.93948250956673,37.4889127294537,15.761863790899902,12.143718727289434,1.8967477242617206,0.07153782236255685,-7559.0,1285.0,36.0,11.5553,21.0,1453761,-6274.0
220,BHARTIARTL,Mar 2013,2.9461837368578374,29.838720158030853,4.50498787806526,1.326179404634156,5.337242752821421,0.48709881623092993,3932.0,18676.0,4.0,2.6499,17.0,66736,22608.0
221,BHARTIARTL,Mar 2014,3.516025342401938,30.87673530233858,5.05221233014258,1.2700984001606532,4.999659806089471,0.47310074273246205,1052.0,25181.0,5.0,2.9893,26.0,75896,26233.0
222,BHARTIARTL,Mar 2015,5.252806942695706,34.96529692719118,12.690750936470824,2.097066143751414,7.837381916329285,0.5282045081043647,5758.0,22301.0,8.0,1.9898,33.0,83415,28059.0
223,BHARTIARTL,Mar 2016,7.140637301620188,35.2049061451125,10.323498577205331,1.5073536019170286,4.545050315937281,0.4300402722834028,13851.0,14091.0,11.0,3.3402,9.0,100646,27942.0
224,BHARTIARTL,Mar 2017,4.442326224494071,37.00716470440357,6.286967994426079,1.5904650369865247,3.880067036765476,0.41092965797470754,-2400.0,30680.0,7.0,3.3745,11.0,107288,28280.0
225,BHARTIARTL,Mar 2018,2.6428199760403683,36.398068708479045,3.1408643129359315,1.60112173725462,3.413574951747802,0.33119056111509654,1914.0,27940.0,2.0,3.4785,194.0,111334,29854.0
226,BHARTIARTL,Mar 2019,2.0896261450854174,31.894033176528847,2.3633843439788302,1.7561289780602887,2.8467331952551307,0.29478954551757863,-8216.0,28286.0,1.0,3.5729,244.0,125428,20070.0
227,BHARTIARTL,Mar 2020,-35.02895852134477,41.821359622568224,-39.748525503921186,1.9214207012768163,-0.08326186392224127,0.2437794319545742,-11469.0,29598.0,-55.0,2.8279,-3.0,148228,18129.0
228,BHARTIARTL,Mar 2021,-12.28830404707005,45.00178897988392,-20.972639221074417,2.7612674503417978,2.7210920416142073,0.2921342442446221,20919.0,27286.0,-26.0,2.1469,0.0,162785,48205.0
229,BHARTIARTL,Mar 2022,7.125880546045801,49.36549203325697,12.478588815097515,2.5494786188658836,3.742778045257583,0.32265985985875134,13539.0,41478.0,7.0,2.3812,39.0,169678,55017.0
230,BHARTIARTL,Mar 2023,8.830356822020196,51.22282511049624,15.84131609143535,2.914018281912768,3.7457512953367877,0.3129969835139251,26093.0,39232.0,15.0,2.734,27.0,226020,65325.0
231,BHARTIARTL,Mar 2024,5.706018055499993,52.20093077836007,10.35839213740181,2.6094723973904306,3.3055457435535147,0.3393112060793767,27809.0,51089.0,13.0,2.8717,62.0,215592,78898.0
232,BEL,Mar 2013,14.522556990275785,10.664753706360592,15183.333333333334,4.0,184.42857142857142,139.4,214.0,1753.0,1.0,0.3,20.0,24,-1539.0
233,BEL,Mar 2014,14.605707272169377,14.191469776004908,13600.0,3.0,194.71428571428572,141.69565217391303,190.0,759.0,1.0,0.35,20.0,21,-569.0
234,BEL,Mar 2015,16.875793035387,16.622021711546594,17100.0,3.7142857142857144,240.85714285714286,144.75510204081633,595.0,839.0,2.0,0.35,20.0,26,1434.0
235,BEL,Mar 2016,18.18058199619255,18.94207234158281,11141.666666666668,2.0833333333333335,196.6,141.42307692307693,790.0,1470.0,2.0,0.1333,31.0,25,2260.0
236,BEL,Mar 2017,17.594731977818853,20.70240295748614,10153.333333333334,1.9333333333333333,122.88888888888889,112.41558441558442,3054.0,3115.0,2.0,0.1667,33.0,29,-61.0
237,BEL,Mar 2018,13.758292471877704,19.603884241899816,4616.129032258064,1.5483870967741935,372.5,85.95867768595042,-693.0,6.0,2.0,0.31,34.0,48,-687.0
238,BEL,Mar 2019,15.512989148306477,23.914830647813222,3851.020408163265,0.9591836734693877,186.375,96.53968253968254,618.0,896.0,3.0,0.4455,44.0,47,1514.0
239,BEL,Mar 2020,14.073103022825418,21.275447254781,3318.181818181818,0.8,357.25,106.29508196721312,1921.0,649.0,3.0,0.5,37.0,44,2570.0
240,BEL,Mar 2021,14.88411652136934,22.779785952229073,3559.322033898305,0.8305084745762712,333.9,92.82236842105263,2498.0,2595.0,3.0,0.5364,46.0,49,5093.0
241,BEL,Mar 2022,15.616866215512754,21.759500260281104,3478.260869565217,0.8405797101449275,397.3333333333333,94.28220858895706,-665.0,4872.0,3.0,0.6273,46.0,58,4207.0
242,BEL,Mar 2023,16.837712867937295,23.063042742754032,3981.333333333333,0.52,230.05263157894737,123.15277777777777,3907.0,2708.0,4.0,0.6818,44.0,39,1199.0
243,BEL,Mar 2024,19.661535425300965,24.921057825143084,4744.047619047619,0.5119047619047619,476.75,125.88819875776397,-1265.0,5924.0,5.0,0.7636,40.0,43,4659.0
244,BHEL,Mar 2013,13.686276915526655,19.39144837740016,21.90906412648532,0.08831712985695113,82.9296875,0.6809295719735999,646.0,1113.0,18.0,6.2345,20.0,2698,1759.0
245,BHEL,Mar 2014,8.852152372285838,11.574530471929426,10.557414609146544,0.14147900274336017,46.58646616541353,0.5251622837875509,3644.0,868.0,10.0,6.7696,20.0,4693,4512.0
246,BHEL,Mar 2015,4.629186220987772,6.835232895955048,4.238898471073172,0.055222615254187736,36.54347826086956,0.44127467140019444,1471.0,650.0,4.0,6.981,20.0,1889,821.0
247,BHEL,Mar 2016,-2.768084689276612,-5.320525387178984,-2.1847439269689,0.006529475475785239,0.375,0.3889320950943166,397.0,23.0,-2.0,6.5949,-14.0,211,374.0
248,BHEL,Mar 2017,1.5984542420516425,3.846829439662744,1.4047979252215257,0.0048164500293309456,4.47457627118644,0.4613601737495543,-5.0,565.0,1.0,6.61,85.0,156,560.0
249,BHEL,Mar 2018,1.5194088875013008,5.734207513789156,1.3545693520952529,0.0034018865006958405,7.066666666666666,0.450844541757898,1950.0,961.0,1.0,4.4053,151.0,110,989.0
250,BHEL,Mar 2019,3.2916132847146935,6.675207778982293,3.2422987315557856,0.08406678747087756,7.126984126984127,0.47202667080167465,-1941.0,1919.0,3.0,4.4402,69.0,2598,-3860.0
251,BHEL,Mar 2020,-6.839677584680613,-0.6196710618273308,-5.12212142358688,0.17725052337752967,0.7455138662316476,0.35599011461080426,-1015.0,1877.0,-4.0,4.1178,0.0,5080,-2892.0
252,BHEL,Mar 2021,-15.59882142238142,-17.615113524755905,-10.391409767925182,0.1905476657814725,-5.687366167023555,0.30931022158684773,518.0,42.0,-8.0,3.7332,0.0,4951,560.0
253,BHEL,Mar 2022,2.0979680354533023,3.9036349064164817,1.678865162604693,0.18222289292990265,2.752232142857143,0.3721815725289958,-458.0,1118.0,1.0,3.8083,31.0,4830,660.0
254,BHEL,Mar 2023,2.7990584207147444,4.468221699122619,2.682746738862909,0.22372631060792517,2.5947712418300655,0.4051921476137625,739.0,1480.0,2.0,3.5026,21.0,5454,-741.0
255,BHEL,Mar 2024,1.180262001423011,2.9757669610346125,1.1539405843358703,0.36238644733611586,1.5929951690821256,0.399628688031043,-2382.0,1331.0,1.0,3.5112,31.0,8856,-3713.0
256,BOSCHLTD,Dec 2012,11.063633213996997,15.59071486314817,17.19002332675399,0.041270410909743406,286.5,1.0957985320172108,47.0,824.0,305.0,17.9774,20.0,230,871.0
257,BOSCHLTD,Dec 2013,10.106200753682767,14.71965284914925,14.061010486177311,0.029075309818875118,,0.9849285794623777,211.0,846.0,282.0,20.3032,20.0,183,1057.0
258,BOSCHLTD,Mar 2015,11.070660268078768,16.390865464173423,18.211514904042467,0.015108207431604737,179.85714285714286,1.1586616815262198,213.0,1183.0,426.0,23.7,20.0,111,1396.0
259,BOSCHLTD,Mar 2016,15.781878156891041,19.3588289867024,16.056633455689564,0.005243838489774515,192.3846153846154,0.7802622054210568,323.0,995.0,488.0,30.7581,17.0,50,1318.0
260,BOSCHLTD,Mar 2017,16.684235745088642,18.811691423095354,19.786339356745085,0.0,106.48148148148148,0.8843220338983051,2703.0,1246.0,570.0,29.33,29.0,0,1457.0
261,BOSCHLTD,Mar 2018,11.72797262617622,17.904191616766468,13.736098587315901,0.0,837.0,0.8393767501974582,559.0,1170.0,449.0,33.27,22.0,0,1729.0
262,BOSCHLTD,Mar 2019,13.223003723624327,17.823748448489862,17.508491289580366,0.0,211.84615384615384,0.9508261211644374,2359.0,1766.0,542.0,30.4233,19.0,0,593.0
263,BOSCHLTD,Mar 2020,6.604348709611868,15.068075594391384,7.011866235167206,0.007982740021574973,137.8,0.7388888888888889,463.0,873.0,220.0,30.9,48.0,74,1336.0
264,BOSCHLTD,Mar 2021,4.959868285655484,11.967483021197777,4.9068512674335745,0.005497302249821846,65.85714285714286,0.6577771761202111,372.0,463.0,164.0,32.7433,70.0,54,835.0
265,BOSCHLTD,Mar 2022,10.329315905618742,12.408759124087592,11.386601796407184,0.0068300898203592815,63.89655172413793,0.764568462037638,238.0,33.0,413.0,35.6267,51.0,73,271.0
266,BOSCHLTD,Mar 2023,9.538482148837831,12.124053854913257,12.930173431399256,0.004812494324888767,190.08333333333334,0.9181991512393136,1476.0,262.0,483.0,36.71,99.0,53,1214.0
267,BOSCHLTD,Mar 2024,14.886112273569676,12.524660728164047,20.639920424403183,0.003232758620689655,71.7843137254902,0.9638144626908672,1536.0,283.0,844.0,40.2133,44.0,39,1253.0
268,BPCL,Mar 2013,0.7994021000821699,2.770242091658718,11.540983606557377,1.9765722801788375,3.256949960285941,3.0414050334053346,2322.0,3604.0,4.0,2.3202,42.0,33157,5926.0
269,BPCL,Mar 2014,1.5327829484042492,3.5602316003645704,20.848765432098766,1.705349794238683,5.4278506559031285,2.9891589418946416,2707.0,6881.0,9.0,2.6888,31.0,33152,9588.0
270,BPCL,Mar 2015,2.0948235352311233,4.031360522345609,22.524598883077743,1.1298643737257335,10.082203389830509,2.81038437478279,10206.0,10536.0,11.0,3.1206,34.0,25492,20742.0
271,BPCL,Mar 2016,4.306897745121529,6.906264142906584,29.103403612290425,0.8414765776786357,21.888235294117646,2.173231353127676,1886.0,9233.0,19.0,4.2369,25.0,23388,11119.0
272,BPCL,Mar 2017,4.723951682227666,6.84866162155716,30.847853596807163,1.1591875141957884,23.71264367816092,1.844883853106723,-6233.0,15274.0,20.0,2.3508,49.0,35725,9041.0
273,BPCL,Mar 2018,4.150999385319739,6.493143135717163,26.740216827330077,1.0284005570878505,15.382799325463743,1.9599770680315065,4002.0,7066.0,21.0,1.8617,46.0,37659,11068.0
274,BPCL,Mar 2019,2.859576294488073,5.067297955241997,21.999226106023475,1.1566877337804722,10.253401360544217,2.1780085593678336,-294.0,10451.0,18.0,1.9708,48.0,44839,10157.0
275,BPCL,Mar 2020,1.2882504251999494,3.1538591287969298,10.035037775101282,1.792291689477718,3.931740614334471,1.8863316982632905,-3254.0,11135.0,7.0,1.8572,106.0,65476,7881.0
276,BPCL,Mar 2021,7.524840227483046,9.124086005621908,32.340584445896745,1.0182429278312015,16.535113174695297,1.4298289207220862,20981.0,2474.0,37.0,2.5588,102.0,54532,23455.0
277,BPCL,Mar 2022,3.3685995311297003,5.518309298684223,22.50650226375108,1.243309893073885,9.23867996930161,1.849265980195063,12198.0,8138.0,27.0,2.438,29.0,64534,20336.0
278,BPCL,Mar 2023,0.45035049568141133,2.3033177158290488,3.9815403011845594,1.2962146407084938,3.4539385847797064,2.5154936765386027,4660.0,7806.0,5.0,2.514,40.0,69376,12466.0
279,BPCL,Mar 2024,5.994201967046283,9.837909494446341,35.511337343822305,0.7218747934157467,11.355507351168956,2.213651947949293,25415.0,10521.0,62.0,3.541,33.0,54599,35936.0
280,BRITANNIA,Mar 2013,4.203718674211803,6.806790622473727,46.59498207885305,0.6810035842293907,11.536585365853659,3.2846521508231548,348.0,28.0,11.0,2.325,39.0,380,320.0
281,BRITANNIA,Mar 2014,5.713872414291914,9.069868363951974,49.49874686716792,0.18796992481203006,82.625,3.280968201233982,425.0,246.0,16.0,3.325,36.0,150,671.0
282,BRITANNIA,Mar 2015,8.768134385339781,11.071519470603207,55.34136546184739,0.11646586345381527,274.5,2.8134622269960614,134.0,450.0,29.0,5.1875,28.0,145,584.0
283,BRITANNIA,Mar 2016,9.824937477670597,14.576634512325832,39.4359464627151,0.06261950286806883,267.8,2.403262736119061,254.0,705.0,34.0,8.7167,29.0,131,959.0
284,BRITANNIA,Mar 2017,9.774685222001326,14.115308151093439,32.826409495548965,0.046364985163204746,285.8,2.2034558286687758,291.0,150.0,37.0,11.2333,30.0,125,441.0
285,BRITANNIA,Mar 2018,10.127092999798265,15.14020576961872,29.47739283617146,0.05901350557839107,208.375,1.9109483423284503,292.0,957.0,42.0,14.1917,30.0,201,1249.0
286,BRITANNIA,Mar 2019,10.44776119402985,15.66711895070104,27.157300728897248,0.03667999059487421,215.33333333333334,1.7722026290477717,304.0,852.0,48.0,17.7208,31.0,156,1156.0
287,BRITANNIA,Mar 2020,12.017241379310345,15.887931034482758,31.66023166023166,0.3493072904837611,27.350649350649352,1.4814814814814814,-41.0,1526.0,58.0,18.3458,60.0,1538,1485.0
288,BRITANNIA,Mar 2021,14.091047503045068,19.10018270401949,52.17023675310034,0.5980834272829764,25.423423423423422,1.642,2309.0,433.0,77.0,14.7833,204.0,2122,1876.0
289,BRITANNIA,Mar 2022,10.724391624221845,15.570175438596493,59.26505082095387,0.9698983580922595,16.82638888888889,1.8780390593862097,2214.0,914.0,63.0,10.6583,89.0,2481,1300.0
290,BRITANNIA,Mar 2023,14.207717317955954,17.36703269738053,65.53480475382003,0.8480475382003395,20.284023668639055,1.743236017538231,1019.0,1507.0,96.0,14.725,75.0,2997,2526.0
291,BRITANNIA,Mar 2024,12.725863199952292,18.886039716142882,54.14869322506978,0.5239786856127886,20.597560975609756,1.8484347442680775,3050.0,477.0,89.0,16.4208,83.0,2065,2573.0
292,CANBK,Mar 2013,8.790724977986498,21.182858820076316,11.896250397203687,14.936447410231967,2.1822853688029022,0.08124982114069311,7575.0,435.0,12.0,5.6831,19.0,376040,8010.0
293,CANBK,Mar 2014,6.7525903462218855,24.351781652767247,8.854718981972429,14.843352332979851,2.3248069498069497,0.07896785008681076,13864.0,380.0,10.0,6.5458,19.0,447913,14244.0
294,CANBK,Mar 2015,6.689795266245178,23.513569032022456,9.020682014034225,15.37264557429521,2.1764208747094864,0.07843948166528812,5240.0,1104.0,11.0,6.8404,17.0,499488,6344.0
295,CANBK,Mar 2016,-5.756261495492632,40.38465905220373,-7.821659981487196,15.634433816723234,3.3739080896315987,0.07812142445341257,8903.0,443.0,-9.0,5.9687,0.0,506712,9346.0
296,CANBK,Mar 2017,3.403526545577345,37.84885544057698,4.06804093988756,15.420441112873,1.9965613856342332,0.06954017300753658,2099.0,476.0,5.0,5.8099,4.0,534858,2575.0
297,CANBK,Mar 2018,-9.367517233039061,61.874470915467406,-10.496788356776973,15.279182589370409,3.4536361178696944,0.06547784015773594,-11607.0,487.0,-11.0,5.0337,0.0,563756,-11120.0
298,CANBK,Mar 2019,1.4514817209234425,56.72874392609122,1.8466926689484995,16.98548648146674,2.7433128091248613,0.06736744204343177,17492.0,745.0,2.0,5.0052,0.0,640166,18237.0
299,CANBK,Mar 2020,-3.8606081311923472,53.87769046805603,-4.661942435567636,16.215356986846576,2.2699381303500297,0.0671112969356927,-5734.0,445.0,-4.0,4.0006,0.0,668170,-5289.0
300,CANBK,Mar 2021,4.2090729221527905,61.82938806883692,4.73802275276398,17.000448646050312,1.8804037078749025,0.05955965885006019,58002.0,1116.0,4.0,3.7893,0.0,1060998,59118.0
301,CANBK,Mar 2022,8.720650295975302,58.39493584841533,8.802046854676176,16.18939123225797,1.7432643911517152,0.056096772374083344,-510.0,1429.0,7.0,3.8567,19.0,1132626,919.0
302,CANBK,Mar 2023,13.209524363975083,49.80147872154625,14.534809234632434,15.850052527737208,1.6884501480750247,0.06218909075110606,-41134.0,1156.0,12.0,4.3029,19.0,1237160,-39978.0
303,CANBK,Mar 2024,13.935160470145405,41.753906568101414,16.716051794688113,14.867419925542423,1.6106611743349857,0.0719985042520674,13296.0,1750.0,17.0,5.079,19.0,1369780,15046.0
304,CHOLAFIN,Mar 2013,11.98443579766537,26.770428015564203,15.778688524590164,7.822233606557377,706.0,0.14099188062321702,-3749.0,5.0,4.0,1.365,16.0,15269,-3754.0
305,CHOLAFIN,Mar 2014,11.222933821286977,28.42329978652028,16.09094884127678,7.903366856143419,950.0,0.1522001485332343,-2530.0,83.0,5.0,1.5993,14.0,18075,-2447.0
306,CHOLAFIN,Mar 2015,11.951547779273216,28.559892328398384,16.598130841121495,7.457943925233645,,0.15564772917714095,-2304.0,40.0,6.0,1.8576,11.0,19950,-2264.0
307,CHOLAFIN,Mar 2016,13.64499288087328,30.042714760322735,15.66757493188011,6.143324250681199,643.5,0.15109899960557927,-2946.0,137.0,7.0,2.3526,12.0,22546,-2809.0
308,CHOLAFIN,Mar 2017,15.296122709842352,28.163613123135917,16.70544439274081,5.600511865984179,448.6666666666667,0.15340871952415192,-1690.0,222.0,9.0,2.7551,12.0,24071,-1468.0
309,CHOLAFIN,Mar 2018,16.51376146788991,26.101816873538407,17.912195121951218,7.479024390243903,,0.12586320103244503,-7986.0,60.0,12.0,3.2853,11.0,38330,-7926.0
310,CHOLAFIN,Mar 2019,16.840180078784467,22.960045019696118,19.281572164948454,8.145457474226804,1659.0,0.12363889372064707,-9328.0,11.0,15.0,3.9795,8.0,50567,-9317.0
311,CHOLAFIN,Mar 2020,12.098255280073463,27.789256198347108,12.853658536585366,6.707926829268293,,0.13600174841549845,-2129.0,54.0,13.0,5.0,13.0,55005,-2075.0
312,CHOLAFIN,Mar 2021,15.871856412396953,30.397579046227698,15.84375,6.638541666666667,52.410714285714285,0.12838272332672418,-10594.0,1746.0,19.0,5.8537,11.0,63730,-8848.0
313,CHOLAFIN,Mar 2022,21.225857311785575,28.83326763894363,18.302319653326535,5.87764465969921,35.17857142857143,0.12303887097165304,-3931.0,1640.0,26.0,7.1762,8.0,69174,-5571.0
314,CHOLAFIN,Mar 2023,20.684570009313877,28.104625892579943,18.576606719643106,6.786421302105117,16.581818181818182,0.113388543215961,-29253.0,2148.0,32.0,8.7476,6.0,97358,-27105.0
315,CHOLAFIN,Mar 2024,17.846892448990243,28.10102802275218,17.455213596692694,6.863420609401317,21.211764705882352,0.12230192869816066,-38538.0,2855.0,41.0,11.6625,5.0,134475,-35683.0
316,CIPLA,Mar 2013,18.661674115231307,73.25763981157145,17.130502272979268,0.10721809513249805,24.86530612244898,0.7101561159718648,-665.0,2063.0,19.0,5.6019,10.0,967,1398.0
317,CIPLA,Mar 2014,13.80123857269242,78.89511451882434,13.968759327430105,0.1241667495771565,32.059760956175296,0.7591791044776119,298.0,1265.0,17.0,6.2429,12.0,1248,1563.0
318,CIPLA,Mar 2015,10.832966064345527,80.94314676068753,11.377522680985003,0.15765598963154973,56.109756097560975,0.7239948947032546,223.0,950.0,15.0,6.7093,14.0,1703,1173.0
319,CIPLA,Mar 2016,10.029006526468455,82.01595358955765,12.00833550403751,0.45168012503256055,54.46153846153846,0.6551380113069505,-2792.0,4533.0,17.0,7.1534,12.0,5202,1741.0
320,CIPLA,Mar 2017,7.190496040016674,82.65944143393081,8.250956632653061,0.3278858418367347,57.28365384615385,0.6897311802194642,1078.0,1304.0,13.0,7.7913,16.0,4113,2382.0
321,CIPLA,Mar 2018,9.349432567959884,81.3473211929269,9.958535385480358,0.2880033733923677,44.1,0.668460283156177,629.0,834.0,18.0,8.8379,17.0,4098,1463.0
322,CIPLA,Mar 2019,9.118689646742451,81.07199608849774,9.938715694111377,0.2875033306687983,27.849056603773583,0.6885784024913728,3.0,1688.0,19.0,9.3242,16.0,4316,1691.0
323,CIPLA,Mar 2020,8.755545178613122,81.28648143824422,9.515955084692001,0.17864619678995114,40.53779069767442,0.731417837168595,3182.0,114.0,19.0,9.7907,21.0,2816,3068.0
324,CIPLA,Mar 2021,12.468684759916492,77.80271398747391,13.036123540325221,0.10989850485648806,56.12406015037594,0.7708710521021928,1381.0,2374.0,30.0,11.3826,17.0,2014,3755.0
325,CIPLA,Mar 2022,11.703349722005237,79.08376602490466,12.221102634230602,0.05066935367784655,174.06060606060606,0.8103287783445656,1468.0,1858.0,31.0,12.9447,16.0,1056,3326.0
326,CIPLA,Mar 2023,12.45110534874522,77.90621017008746,12.103216986371597,0.03430597684453369,60.57337883959045,0.7765529010238907,862.0,2376.0,35.0,14.5385,24.0,803,3238.0
327,CIPLA,Mar 2024,16.11701714906495,75.59168153953597,15.554557028383135,0.020931625851868495,35.33876811594203,0.7922417237881536,1152.0,2982.0,51.0,16.5876,25.0,559,4134.0
328,COALINDIA,Mar 2013,25.41030408620412,73.51946473800565,35.80623865324311,0.026922759531275788,5.740630712979891,0.6154365983979528,7276.0,1833.0,27.0,0.7674,51.0,1305,9109.0
329,COALINDIA,Mar 2014,21.402673917969636,74.83854520734195,35.63814734459013,0.0041977171964908975,7.374389733575115,0.6728544473879815,23105.0,8580.0,24.0,0.6714,121.0,178,14525.0
330,COALINDIA,Mar 2015,18.519967620075555,76.60145709660011,34.01729735087849,0.010110772433276337,8.645357686453577,0.6661453980065968,15276.0,894.0,22.0,0.6389,95.0,408,14382.0
331,COALINDIA,Mar 2016,18.323679377351947,75.96486045645446,40.95828668216921,0.034421382022794475,9.963125105236571,0.6856375484325467,21308.0,8154.0,23.0,0.5515,121.0,1199,13154.0
332,COALINDIA,Mar 2017,11.872473261347935,84.0745100046057,37.84974304592544,0.12293009217717596,12.364936042136945,0.6591278976616324,16916.0,455.0,15.0,0.395,133.0,3014,16461.0
333,COALINDIA,Mar 2018,8.25629956360565,89.10421847871991,34.87957181088314,0.07622162751511548,15.269748743718592,0.6793920507527635,13368.0,7747.0,11.0,0.3251,146.0,1538,21115.0
334,COALINDIA,Mar 2019,17.536601530335588,74.88904062820076,66.01398601398601,0.08353808353808354,12.787795680493657,0.7486487096022433,8460.0,7896.0,28.0,0.4293,46.0,2210,16356.0
335,COALINDIA,Mar 2020,17.38134887593672,77.53955037468776,51.93270516528283,0.20008085331343098,11.56455617628802,0.64044794027463,6010.0,1033.0,27.0,0.5218,44.0,6434,4977.0
336,COALINDIA,Mar 2021,14.109257325661476,79.3081998533757,34.78284681526918,0.16112602004490936,19.085783003741316,0.5589906302972351,10774.0,182.0,21.0,0.5925,78.0,5884,10592.0
337,COALINDIA,Mar 2022,15.839219796746114,77.46889668687052,40.27999907285075,0.08145006142363767,21.99120538023797,0.6114436344992086,15392.0,25715.0,28.0,0.7,60.0,3514,41107.0
338,COALINDIA,Mar 2023,22.94578016954547,68.00624945751237,52.13911214108443,0.07118320924346268,14.33719512195122,0.6244557263907207,12269.0,23465.0,52.0,0.9872,47.0,4331,35734.0
339,COALINDIA,Mar 2024,26.25628846856468,66.29380849329698,45.16982956605826,0.0788468512027076,11.24178180085755,0.6018691588785047,13617.0,4486.0,61.0,1.3424,42.0,6523,18103.0
340,DABUR,Mar 2013,12.47557003257329,16.156351791530945,36.563245823389025,0.5494033412887828,18.508474576271187,1.3038861754087916,248.0,622.0,4.0,1.204,34.0,1151,870.0
341,DABUR,Mar 2014,12.978180787758573,16.463587418532164,34.48795180722892,0.26656626506024095,23.85185185185185,1.3286897590361446,994.0,104.0,5.0,1.5264,33.0,708,1098.0
342,DABUR,Mar 2015,13.701090442591404,16.93393200769724,31.84257602862254,0.21884317233154443,36.85,1.2766131673763512,171.0,876.0,6.0,1.9057,33.0,734,1047.0
343,DABUR,Mar 2016,16.118251928020566,19.511568123393317,30.064732678014867,0.19299928074802206,36.145833333333336,1.122331217541835,457.0,730.0,7.0,2.3699,32.0,805,1187.0
344,DABUR,Mar 2017,16.811137378513266,19.858156028368796,26.408087476789767,0.20115535382710956,33.48148148148148,0.9847387480600104,420.0,807.0,7.0,2.754,31.0,975,1227.0
345,DABUR,Mar 2018,17.586117586117584,20.94017094017094,23.79950928846828,0.16438836312653346,36.0,0.8873822109859802,551.0,541.0,8.0,3.242,81.0,938,1092.0
346,DABUR,Mar 2019,16.981796829125074,20.434527304756312,25.67471590909091,0.12411221590909091,32.7,1.0092449922958397,1837.0,338.0,8.0,3.1819,34.0,699,1499.0
347,DABUR,Mar 2020,16.672423719055843,20.63327576280944,21.91946715107478,0.07901907356948229,39.94,0.9301702902431188,1097.0,517.0,8.0,3.7322,37.0,522,1614.0
348,DABUR,Mar 2021,17.72641706755909,20.937042459736457,22.116388308977037,0.06641440501043841,75.06451612903226,0.8826733130250162,711.0,1404.0,10.0,4.3299,50.0,509,2115.0
349,DABUR,Mar 2022,15.997795940857745,20.681421618146754,20.782629444046766,0.12288236697685516,65.64102564102564,0.8864376424617388,529.0,1273.0,10.0,4.7356,53.0,1030,1802.0
350,DABUR,Mar 2023,14.752818733738074,18.751084128360798,18.956870611835505,0.13083695531037556,33.42307692307692,0.8445648989159098,905.0,583.0,10.0,5.0695,54.0,1174,1488.0
351,DABUR,Mar 2024,14.600128990648178,19.348597226701063,18.355969997972835,0.13835394283397526,23.241935483870968,0.8205874569992061,1042.0,971.0,10.0,5.574,53.0,1365,2013.0
352,DIVISLAB,Mar 2013,28.065268065268068,38.04195804195804,24.070371851259495,0.013194722111155539,287.0,0.6833386428798981,225.0,255.0,23.0,9.263,33.0,33,480.0
353,DIVISLAB,Mar 2014,30.529225908372826,40.20537124802528,26.07962213225371,0.006072874493927126,362.0,0.6824797843665769,252.0,305.0,29.0,10.9778,34.0,18,557.0
354,DIVISLAB,Mar 2015,27.351524879614768,37.65650080256822,24.37070938215103,0.007723112128146453,403.6666666666667,0.7071509648127128,305.0,521.0,32.0,12.9481,31.0,27,826.0
355,DIVISLAB,Mar 2016,29.81991525423729,37.6853813559322,26.22874446773818,0.009783368273934312,303.2,0.7709269089424254,632.0,406.0,42.0,8.1,24.0,42,1038.0
356,DIVISLAB,Mar 2017,26.08267716535433,35.67913385826771,19.787194325182007,0.006720179204778794,507.3333333333333,0.6602761982128351,10.0,1140.0,40.0,10.1075,25.0,36,1150.0
357,DIVISLAB,Mar 2018,22.539193009509123,32.61372397841172,14.801687763713081,0.010632911392405063,688.0,0.5734708916728076,298.0,478.0,33.0,11.1792,30.0,63,776.0
358,DIVISLAB,Mar 2019,27.355438738374442,37.88920339668419,19.448037947391118,0.015236452493891045,405.6,0.6154803384768541,269.0,685.0,51.0,13.1264,31.0,106,954.0
359,DIVISLAB,Mar 2020,25.528364849833146,33.852428624397476,18.83720930232558,0.00533515731874145,287.42857142857144,0.6322822646817489,1133.0,83.0,52.0,13.7925,31.0,39,1216.0
360,DIVISLAB,Mar 2021,28.46893384990673,41.13933132443679,21.34480903711673,0.0005379236148466917,1462.0,0.6470151332281125,2022.0,75.0,75.0,17.5377,27.0,5,1947.0
361,DIVISLAB,Mar 2022,33.035714285714285,43.359375,25.2387448840382,0.00034106412005457026,1998.5,0.6706586826347305,-283.0,2195.0,112.0,22.1283,27.0,4,1912.0
362,DIVISLAB,Mar 2023,23.483970645036695,30.513711857860176,14.286833241951907,0.0003133077465340331,1357.0,0.5384402079722703,-248.0,2707.0,69.0,24.0887,44.0,4,2459.0
363,DIVISLAB,Mar 2024,20.395156150414277,28.170809432759718,11.78984599513669,0.0002210596124088129,636.25,0.5074385510996119,992.0,269.0,60.0,25.6057,50.0,3,1261.0
364,DLF,Mar 2013,8.580985462498392,33.87366525151164,2.5924054568774535,1.0338528508686695,1.6905790838375108,0.1202375980323913,4004.0,1995.0,4.0,7.5674,48.0,26600,2009.0
365,DLF,Mar 2014,7.1101470233791275,30.04338394793926,2.1536776784084686,0.8809271764920606,1.4721883881445392,0.12860131731886865,5392.0,3924.0,4.0,7.6952,55.0,24133,1468.0
366,DLF,Mar 2015,6.628317427114655,39.40384363969146,1.8524608133289489,0.8949906828894004,1.5264756944444444,0.11543569466662643,2135.0,98.0,3.0,7.6879,66.0,24495,2037.0
367,DLF,Mar 2016,3.07273826314729,39.955671972597216,1.2671901616186798,1.049648926004404,1.6686567164179105,0.1607996241636832,2139.0,818.0,2.0,6.742,117.0,25264,2957.0
368,DLF,Mar 2017,8.612090986497993,41.9170417224182,2.881211085337566,1.1883774874862654,1.537248322147651,0.12854551709040873,-26.0,872.0,4.0,6.8832,50.0,29202,-898.0
369,DLF,Mar 2018,66.75115550916952,35.455494259728646,12.678768655659708,0.49534139503270935,4.1003049813622505,0.11070396962944623,-1832.0,2102.0,25.0,9.891,8.0,17491,270.0
370,DLF,Mar 2019,15.706430791298112,25.67535261773847,3.913509649749821,0.5129258994519895,1.4219204655674103,0.12583668005354753,2046.0,3.0,6.0,7.6136,33.0,17222,2043.0
371,DLF,Mar 2020,-9.699161597895776,18.839388459641622,-1.7127761488663744,0.23523093447905477,1.598458304134548,0.10883879048130256,6864.0,6508.0,-2.0,6.959,-85.0,8103,356.0
372,DLF,Mar 2021,20.003694126339123,27.133357960842257,3.0641693073789047,0.19482797645993663,2.17116060961313,0.10121896500149566,1610.0,150.0,4.0,7.1402,45.0,6886,1460.0
373,DLF,Mar 2022,26.237537169844323,30.488018191359107,4.125185633353501,0.1150101754578956,3.1008,0.111732171125921,3099.0,267.0,6.0,7.3459,49.0,4182,2832.0
374,DLF,Mar 2023,35.71553994732221,30.307287093942055,5.397086528511158,0.08846551861384562,5.211734693877551,0.10832762687362094,1914.0,461.0,8.0,7.6135,49.0,3334,2375.0
375,DLF,Mar 2024,42.38369379181578,33.04807841916913,6.908270142781061,0.12259389820192235,7.457865168539326,0.10880495691479457,1010.0,1529.0,11.0,7.9659,45.0,4834,2539.0
376,DMART,Mar 2013,2.8135288835677943,6.435199042202933,11.913814955640051,0.6666666666666666,5.348837209302325,2.2392761394101877,-104.0,231.0,2.0,0.145,0.0,526,127.0
377,DMART,Mar 2014,3.4357661118224496,7.276995305164319,16.84100418410042,0.6705020920502092,6.375,2.5918141592920354,-72.0,270.0,3.0,0.1748,0.0,641,198.0
378,DMART,Mar 2015,3.292436713775431,7.081845006988663,17.666666666666668,0.7533333333333333,6.611111111111111,2.7341825902335457,-252.0,474.0,4.0,0.2135,0.0,904,222.0
379,DMART,Mar 2016,3.727865796831314,7.735321528424977,21.038790269559502,0.7836949375410914,7.483516483516484,2.7672469374597033,-200.0,633.0,6.0,0.2706,0.0,1192,433.0
380,DMART,Mar 2017,4.025886703647672,8.144225920322743,12.467464862051015,0.3896408120770432,8.172131147540984,2.044681216703901,-2027.0,2482.0,8.0,0.6157,0.0,1497,455.0
381,DMART,Mar 2018,5.361537949843678,9.000199560965875,17.262797172842152,0.09402441636324695,24.016666666666666,2.6616501416430594,1194.0,464.0,13.0,0.7482,0.0,439,730.0
382,DMART,Mar 2019,4.508872781804548,8.162959260184955,16.144621442634687,0.12529085376767496,35.765957446808514,2.8554096488723952,-151.0,958.0,14.0,0.8954,0.0,700,807.0
383,DMART,Mar 2020,5.231202251708886,8.556493767591476,11.74187725631769,0.030054151624548737,31.71014492753623,2.0594567737661476,-3377.0,4657.0,20.0,1.7099,0.0,333,1280.0
384,DMART,Mar 2021,4.5520440707451435,7.227767883030278,9.020026263952726,0.032255416940249505,46.166666666666664,1.7680703039179788,265.0,1110.0,17.0,1.8802,0.0,393,1375.0
385,DMART,Mar 2022,4.8166322314049586,8.077221074380166,10.908027489399034,0.04730223716917678,48.44444444444444,2.0021976601383233,83.0,1289.0,23.0,2.1108,0.0,647,1372.0
386,DMART,Mar 2023,5.550887021475257,8.494397759103641,14.790396815524318,0.039992536385122526,56.223880597014926,2.3661971830985915,317.0,2313.0,37.0,2.4812,0.0,643,2630.0
387,DMART,Mar 2024,4.993207190533383,8.084427730414067,13.56294790886726,0.031661140228901485,73.29310344827586,2.398875873795579,278.0,2468.0,39.0,2.8722,0.0,592,2746.0
388,DRREDDY,Mar 2013,12.904588861658075,22.555564945491422,23.97550635892605,0.5781127335531481,28.15,0.8843796711509716,-59.0,1437.0,18.0,7.4929,17.0,3682,1378.0
389,DRREDDY,Mar 2014,14.632873648900485,24.23406634364517,24.958677685950413,0.5692307692307692,26.937007874015748,0.84339243052936,366.0,1604.0,23.0,9.2529,16.0,4477,1970.0
390,DRREDDY,Mar 2015,15.549490780802769,23.35086201158224,23.708515173043743,0.4378361920227342,34.888888888888886,0.8139459283740587,154.0,2370.0,27.0,11.5918,15.0,4314,2524.0
391,DRREDDY,Mar 2016,13.688335046248715,23.028006166495373,16.95441164770467,0.2666878828864667,46.74698795180723,0.7657648794884407,1653.0,1610.0,25.0,14.7871,16.0,3352,3263.0
392,DRREDDY,Mar 2017,9.101155255001409,17.413355874894336,10.536617191322787,0.4010764964932311,33.46835443037975,0.655583264062067,254.0,1890.0,16.0,14.7735,26.0,4918,2144.0
393,DRREDDY,Mar 2018,6.631188292136406,16.462432602758913,7.532612153993,0.40335666560610883,31.72151898734177,0.6389995078079556,320.0,1483.0,11.0,15.147,35.0,5071,1803.0
394,DRREDDY,Mar 2019,12.622993267736923,20.572242361470742,13.904734740444951,0.27367370222475756,39.98876404494382,0.6890891248104202,2101.0,769.0,23.0,16.8964,17.0,3838,2870.0
395,DRREDDY,Mar 2020,11.565907404235885,14.140549180795798,12.988012052054618,0.14167574844541317,32.11224489795919,0.7542953106833742,2489.0,495.0,24.0,18.794,21.0,2210,2984.0
396,DRREDDY,Mar 2021,10.247795044099119,20.338093238135237,11.06513236211099,0.17181565670880336,43.391752577319586,0.7164134195877839,1315.0,2255.0,23.0,21.2542,21.0,3031,3570.0
397,DRREDDY,Mar 2022,10.127639823624971,17.488976560686933,11.35748490526754,0.17613991255465333,45.03125,0.7242990654205608,246.0,2565.0,26.0,23.147,23.0,3384,2811.0
398,DRREDDY,Mar 2023,18.269152817186868,26.22618565058776,19.35497723954307,0.05784591600103066,52.03496503496503,0.7659349871154025,1779.0,4109.0,54.0,28.0554,15.0,1347,5888.0
399,DRREDDY,Mar 2024,19.913605369319196,28.321016743422227,19.74233736816026,0.07085722375592836,51.707602339181285,0.7223053120165034,509.0,4034.0,67.0,34.041,12.0,2002,4543.0
400,EICHERMOT,Dec 2012,7.433489827856025,8.607198748043817,27.065527065527068,0.013105413105413105,171.5,1.4292104674569448,-277.0,773.0,12.0,6.5,17.0,23,496.0
401,EICHERMOT,Dec 2013,7.709251101321586,10.499265785609397,25.547445255474454,0.040875912408759124,101.0,1.2759977515458123,-74.0,790.0,15.0,7.6111,21.0,84,716.0
402,EICHERMOT,Dec 2014,8.033875028610666,12.794689860379949,27.90143084260731,0.023052464228934817,122.3,1.3646728096204903,-167.0,1214.0,23.0,9.3185,22.0,58,1047.0
403,EICHERMOT,Mar 2016,21.675036449052325,27.37728819050705,36.627429509991785,0.006296194908294552,1008.0,1.2498481473982588,462.0,1001.0,49.0,13.5296,20.0,23,1463.0
404,EICHERMOT,Mar 2017,23.702545144319636,30.911417602729983,31.18802619270346,0.02095416276894294,647.5,1.003424168925667,-36.0,1744.0,61.0,19.7963,16.0,112,1708.0
405,EICHERMOT,Mar 2018,21.862799776910204,31.3329615170106,27.880512091038405,0.021479374110953058,669.0,0.9415038857382902,337.0,2145.0,72.0,26.037,15.0,151,2482.0
406,EICHERMOT,Mar 2019,22.486475451668877,29.641727059303868,24.702848172235928,0.020968827091276072,515.0,0.8603670852726794,915.0,660.0,81.0,33.0296,15.0,187,1575.0
407,EICHERMOT,Mar 2020,19.958488092637097,23.847498361372075,18.30477908025248,0.024947400060114217,145.0,0.7352610441767068,186.0,1508.0,67.0,36.9667,19.0,249,1694.0
408,EICHERMOT,Mar 2021,15.447247706422019,20.44724770642202,11.776534359153699,0.01914670396922539,141.5625,0.5989422350436157,66.0,1625.0,49.0,42.363,34.0,219,1691.0
409,EICHERMOT,Mar 2022,16.284715478733737,21.149737813167604,13.301078680203046,0.008565989847715736,140.73684210526315,0.6380421313506816,544.0,983.0,61.0,46.6963,34.0,108,1527.0
410,EICHERMOT,Mar 2023,20.177260767206757,23.8609610857222,19.43962641761174,0.019212808539026016,155.5,0.7522658610271903,426.0,2397.0,107.0,55.5185,35.0,288,2823.0
411,EICHERMOT,Mar 2024,24.195694242864054,26.179245283018872,22.172346910501524,0.023219728456636186,114.70588235294117,0.7153796236210254,890.0,2834.0,146.0,66.8333,35.0,419,3724.0
412,GAIL,Mar 2013,8.567112645662494,14.570173029387531,15.166354101548935,0.5720636243661874,19.02517162471396,0.8522797572271732,-2023.0,8626.0,6.0,2.2708,28.0,16472,6603.0
413,GAIL,Mar 2014,7.7487250060714,12.932890795758114,14.746117821050037,0.5711424698052748,13.804185351270553,0.9237269124355044,149.0,4466.0,7.0,2.5596,28.0,18537,4615.0
414,GAIL,Mar 2015,5.21822415245141,9.298677279257559,9.288107695020868,0.5376227147140086,10.085889570552148,0.8692101221490189,1405.0,2809.0,5.0,2.6831,24.0,18291,4214.0
415,GAIL,Mar 2016,3.6001767429350853,8.71419514725376,5.147927368623465,0.24866082465730846,6.407542579075426,0.8813131740683676,3056.0,904.0,3.0,2.8709,37.0,9052,3960.0
416,GAIL,Mar 2017,6.949250288350635,12.40113692535838,8.584149599287622,0.16672179112072255,14.210216110019646,0.8329244651833044,5690.0,334.0,5.0,2.3244,56.0,6553,6024.0
417,GAIL,Mar 2018,8.817160892542573,14.31664709336465,11.528587538088725,0.09299647304397898,29.661016949152543,0.8882369240297948,6109.0,2660.0,7.0,1.8483,43.0,3876,8769.0
418,GAIL,Mar 2019,8.600866255414097,13.04370652316577,14.244413529258326,0.04834362229371359,73.31446540880503,1.1134656417151376,2283.0,5701.0,10.0,2.0401,25.0,2224,7984.0
419,GAIL,Mar 2020,13.120880333158663,12.44104911883946,19.31273849151579,0.14029390273605585,41.48220064724919,0.9677582939653562,46.0,8299.0,14.0,1.0924,31.0,6912,8345.0
420,GAIL,Mar 2021,10.70731367217458,12.628111273792095,11.550900680681433,0.14803881012372608,56.30167597765363,0.7080340614587189,4353.0,4640.0,9.0,1.1978,36.0,7873,8993.0
421,GAIL,Mar 2022,13.262908267758974,16.342567640400993,19.19081635836167,0.14374395607823565,89.53465346534654,0.9605110577321295,3930.0,5490.0,18.0,1.444,36.0,9216,9420.0
422,GAIL,Mar 2023,3.841612433753467,5.14869429112777,8.61891046868021,0.274400480539683,28.279452054794522,1.3512174759983304,-4248.0,7453.0,9.0,0.9875,59.0,17816,3205.0
423,GAIL,Mar 2024,7.433122166511544,10.743987750322754,12.861540060002339,0.28304998896060884,23.624478442280946,1.0680883472962681,4360.0,8226.0,15.0,1.1711,37.0,21794,12586.0
424,GODREJCP,Mar 2013,13.178415470991892,15.517779164067374,25.505584062782976,0.7413220645940235,13.666666666666666,0.8332683560753736,-45.0,865.0,8.0,9.7441,22.0,2456,820.0
425,GODREJCP,Mar 2014,10.777733912356888,15.383603105671797,21.695364238410598,0.6286092715231788,10.258333333333333,0.9133413461538461,622.0,494.0,7.0,11.1029,24.0,2373,1116.0
426,GODREJCP,Mar 2015,11.797413272089932,16.66868125226641,22.639758756668986,0.6302482022732545,12.964285714285714,0.9066301369863013,-209.0,1236.0,9.0,12.6794,21.0,2717,1027.0
427,GODREJCP,Mar 2016,9.864672364672366,19.669990503323838,19.475041012420906,0.67752519334427,10.8984375,0.8703378448186796,225.0,622.0,8.0,12.55,24.0,2891,847.0
428,GODREJCP,Mar 2017,14.113077255071213,20.576176089771256,24.669935873255376,0.7546208977744248,12.876623376623376,0.7162287480680062,-383.0,2243.0,13.0,15.5941,39.0,4001,1860.0
429,GODREJCP,Mar 2018,16.593886462882097,21.163806235401644,26.110578459571748,0.5605624800255673,13.68208092485549,0.7102567801500288,1387.0,336.0,16.0,9.2029,42.0,3508,1723.0
430,GODREJCP,Mar 2019,22.70700019391119,20.67093271281753,32.22787945507087,0.4653914958029448,10.478991596638656,0.7318007662835249,2003.0,274.0,23.0,7.1245,44.0,3382,1729.0
431,GODREJCP,Mar 2020,15.104429421854505,21.733427504792655,18.95416561154723,0.45264623955431754,9.587719298245615,0.6660618279569892,1036.0,552.0,15.0,7.7431,55.0,3575,1588.0
432,GODREJCP,Mar 2021,15.604315894460061,21.751745398494876,18.23286365081047,0.1974785464561924,17.55072463768116,0.7742909295141814,1738.0,292.0,17.0,9.2539,0.0,1864,2030.0
433,GODREJCP,Mar 2022,14.524275008145976,19.623655913978492,15.429214260989962,0.1474558670820353,20.385245901639344,0.7633378932968536,607.0,844.0,17.0,11.3294,0.0,1704,1451.0
434,GODREJCP,Mar 2023,12.781616100931211,18.34635025533193,12.338697984630999,0.08191967522111063,13.601063829787234,0.7636634742214831,397.0,1754.0,17.0,13.5235,0.0,1130,2151.0
435,GODREJCP,Mar 2024,-3.9798524404086266,20.977582292849036,-4.45308779171297,0.2557548817272583,2.412903225806452,0.7664201826881253,-1365.0,3435.0,-5.0,12.351,,3222,2070.0
436,GRASIM,Mar 2013,13.536851911569745,21.226127772403167,19.219616421630974,0.48583201912804597,20.82716049382716,0.6325272533599257,-1445.0,5687.0,57.0,21.3663,8.0,9550,4242.0
437,GRASIM,Mar 2014,10.42674102573153,17.348487522501856,13.66643534582466,0.44788341429562806,12.284116331096197,0.5934933802580862,1213.0,2336.0,44.0,23.4946,9.0,9681,3549.0
438,GRASIM,Mar 2015,8.136383689418288,16.209743492783765,11.158167675021607,0.5155574762316335,8.506746626686656,0.5873077563711065,2235.0,2359.0,37.0,25.1522,9.0,11930,4594.0
439,GRASIM,Mar 2016,10.018267753066374,17.13979180560791,12.596157351708046,0.45590433482810166,10.071030640668523,0.5788740432388881,1353.0,4515.0,51.0,29.4935,9.0,12505,5868.0
440,GRASIM,Mar 2017,11.772208051458357,20.480758567150936,13.527893713958008,0.29352916812693153,12.055555555555555,0.5748163258801218,3779.0,3509.0,66.0,33.7495,8.0,9213,7288.0
441,GRASIM,Mar 2018,6.598203742798869,20.775038465667155,6.429455553424801,1.1692613448161644,3.282009282009282,0.26885170202838876,-2594.0,1546.0,39.0,43.787,15.0,67070,-4140.0
442,GRASIM,Mar 2019,3.5556994818652847,21.554404145077722,4.731127197518097,1.4561702861082386,2.441254125412541,0.3201632334827705,-3871.0,2212.0,25.0,43.9545,27.0,84487,-1659.0
443,GRASIM,Mar 2020,9.727187481685519,15.19808943327668,11.722847103279006,1.4969540727137889,2.532510885341074,0.27951396709817716,5256.0,11364.0,65.0,42.9038,6.0,84777,16620.0
444,GRASIM,Mar 2021,9.144809172294645,24.39008428878069,10.668152807890799,1.2074083122118056,3.4536082474226806,0.28578375082756996,7929.0,7146.0,63.0,49.6167,14.0,79078,15075.0
445,GRASIM,Mar 2022,11.709386526786554,21.34878423422953,14.803365962562253,0.9873842454986196,4.622906197654942,0.3309746877907238,5985.0,1053.0,111.0,57.3477,9.0,74744,7038.0
446,GRASIM,Mar 2023,9.417905752930874,18.353779319373952,14.068730791699474,1.3085646795864976,4.1896095301125085,0.34922496385341856,-26397.0,13712.0,100.0,59.653,10.0,103039,-12685.0
447,GRASIM,Mar 2024,7.578371940325857,20.763028905617738,11.196462612658342,1.5470993649397087,3.015845639754231,0.3178182841724175,-33833.0,23114.0,85.0,66.6564,12.0,137155,-10719.0
448,HAL,Mar 2017,14.573816155988858,18.027855153203344,1966.9172932330828,0.015037593984962405,267.5,105.58823529411765,2598.0,3021.0,36.0,2.66,31.0,2,-423.0
449,HAL,Mar 2018,10.729521032453155,18.683514228630056,1528.4615384615386,0.023076923076923078,120.6,111.56024096385542,-140.0,594.0,30.0,2.6,54.0,3,-734.0
450,HAL,Mar 2019,11.72530987604958,22.835865653738505,1763.9097744360904,0.06015037593984962,27.937853107344633,114.33142857142857,-2402.0,5292.0,35.0,2.66,28.0,8,-7694.0
451,HAL,Mar 2020,13.252506411750991,22.75588715318256,2059.4202898550725,0.014492753623188406,14.749303621169917,123.95953757225433,203.0,1334.0,42.0,2.76,39.0,2,1537.0
452,HAL,Mar 2021,14.155231186085132,23.341491128397866,2249.3055555555557,0.041666666666666664,21.352059925093634,123.02150537634408,13934.0,1190.0,48.0,2.88,31.0,6,15124.0
453,HAL,Mar 2022,20.65800162469537,22.014622258326565,3324.183006535948,0.0784313725490196,98.55384615384615,121.88118811881188,-2609.0,12789.0,76.0,3.06,26.0,12,10180.0
454,HAL,Mar 2023,21.57976827094474,24.766042780748663,3283.050847457627,0.2655367231638418,130.328125,99.36531365313652,3102.0,5734.0,87.0,3.54,32.0,47,8836.0
455,HAL,Mar 2024,24.999177117277245,32.08913465652875,3816.5829145728644,0.6180904522613065,270.8837209302326,67.51333333333334,1814.0,6412.0,114.0,3.98,31.0,123,8226.0
456,HAVELLS,Mar 2013,8.142957252978276,9.446391030133146,40.29126213592233,0.680998613037448,7.284552845528455,1.6004934948407357,494.0,144.0,9.0,2.3258,16.0,982,638.0
457,HAVELLS,Mar 2014,5.539684511240839,9.650975034157247,26.770708283313326,0.6326530612244898,7.96078431372549,1.5099399849962492,492.0,376.0,7.0,2.6871,42.0,1054,868.0
458,HAVELLS,Mar 2015,4.546528105810109,8.915918752952292,21.177117711771174,0.23322332233223322,8.364583333333334,1.7685881370091896,478.0,485.0,6.0,2.9323,49.0,424,963.0
459,HAVELLS,Mar 2016,17.118777982617857,10.481959441664472,42.94681202510737,0.04426825239511067,19.175824175824175,1.7310234784590837,392.0,121.0,21.0,4.8823,29.0,134,513.0
460,HAVELLS,Mar 2017,8.05872756933116,13.295269168026099,15.079365079365079,0.06349206349206349,65.92307692307692,1.1861455108359134,547.0,220.0,8.0,5.2839,44.0,208,767.0
461,HAVELLS,Mar 2018,8.144406111384919,12.727944800394283,17.721179624664877,0.030831099195710455,45.2,1.2282082324455206,154.0,946.0,11.0,5.9206,4.0,115,1100.0
462,HAVELLS,Mar 2019,7.822892881961679,11.803832026208678,18.770843258694615,0.022391615054787994,82.0625,1.409205372132065,686.0,185.0,13.0,6.6635,36.0,94,501.0
463,HAVELLS,Mar 2020,7.786016949152542,11.302966101694915,17.045454545454543,0.016697588126159554,23.019607843137255,1.3346529054149583,279.0,548.0,12.0,6.8444,34.0,72,827.0
464,HAVELLS,Mar 2021,9.983742947308023,15.195562780912308,20.166119374154917,0.10063743480780375,19.733333333333334,1.1813149570718482,-103.0,763.0,17.0,8.2175,39.0,521,660.0
465,HAVELLS,Mar 2022,8.58085808580858,12.73496914908882,19.923371647509576,0.10261535898717308,28.865671641791046,1.324527226076214,969.0,759.0,19.0,9.5286,39.0,616,1728.0
466,HAVELLS,Mar 2023,6.3390692448702035,9.58547690852108,16.178690009055238,0.03365529731361304,32.70909090909091,1.5157300349556333,596.0,31.0,17.0,10.5175,44.0,223,565.0
467,HAVELLS,Mar 2024,6.837009144701453,10.118343195266272,17.067275412917954,0.040687525177924,25.357142857142858,1.4952143489101584,335.0,1618.0,20.0,11.8206,44.0,303,1953.0
468,HCLTECH,Jun 2013,15.792971345920801,22.203979516047063,30.689759951382555,0.07930720145852324,56.716981132075475,1.1420599133889906,2131.0,2361.0,14.0,9.4705,21.0,1044,4492.0
469,HCLTECH,Jun 2014,20.3086112493778,24.99688899950224,33.39130434782609,0.05207161125319693,76.42105263157895,1.0721814543028685,1615.0,4842.0,23.0,13.9643,11.0,1018,6457.0
470,HCLTECH,Jun 2015,20.004904498515028,23.121985776954308,30.30878467635403,0.026750330250990752,105.62637362637362,1.0413108242303872,3451.0,2088.0,26.0,8.6206,58.0,648,5539.0
471,HCLTECH,Mar 2017,18.091994618230743,21.84241506895392,26.119153843819237,0.01766366202312665,128.75280898876406,1.039465058345352,5105.0,3890.0,30.0,11.5611,40.0,582,8995.0
472,HCLTECH,Mar 2018,17.24772093575115,22.238921078130872,23.97075798383994,0.015308085527400648,180.81159420289856,1.0537623205317885,6092.0,2236.0,31.0,13.0885,19.0,557,8328.0
473,HCLTECH,Mar 2019,16.747480430933194,23.04598937561024,24.46453609244307,0.10141178745829908,85.45402298850574,1.035613292430033,5715.0,3256.0,37.0,15.2642,11.0,4195,8971.0
474,HCLTECH,Mar 2020,15.644631841077594,24.50053766483672,21.56748005539626,0.15577271929311254,35.45544554455446,0.8533790555307357,1027.0,12332.0,41.0,9.4414,25.0,7986,13359.0
475,HCLTECH,Mar 2021,14.817124132716009,26.596266864776663,18.64203094487006,0.11456612087526914,41.04696673189824,0.8760212442037492,13953.0,5665.0,41.0,11.0337,24.0,6864,19618.0
476,HCLTECH,Mar 2022,15.78849050215409,23.96819651842944,21.841586717059148,0.10244855767677746,67.69905956112852,0.9632257846852824,18497.0,1597.0,50.0,11.4022,84.0,6343,16900.0
477,HCLTECH,Mar 2023,14.631958681595963,22.303264469326606,22.697041510587876,0.07329714853604465,67.94900849858357,1.088,14436.0,3573.0,55.0,12.0451,88.0,4794,18009.0
478,HCLTECH,Mar 2024,14.293122742532729,22.015594151738192,23.01393141233172,0.08435023365512796,46.46112115732369,1.1101650405025958,15840.0,6608.0,58.0,12.5715,90.0,5758,22448.0
479,HDFCBANK,Mar 2013,19.249323777920306,35.22210758205293,18.838523046693776,9.158311273640258,1.7721856161502874,0.08795432192934909,-6749.0,902.0,14.0,7.6981,19.0,335588,-5847.0
480,HDFCBANK,Mar 2014,20.60392433321584,31.742450945834804,19.851925645844183,9.434125025471506,1.6294287780187997,0.08449823279456734,3112.0,1099.0,18.0,9.2015,19.0,416677,4211.0
481,HDFCBANK,Mar 2015,21.12462006079027,31.903051355938892,16.947461760141874,8.071729423314437,1.6947412528807877,0.08345618574955897,-22081.0,800.0,21.0,12.6056,19.0,509762,-21281.0
482,HDFCBANK,Mar 2016,20.298597257844907,31.751686140400874,17.25479112833764,8.742288436692506,1.7899571887263646,0.08286670899959592,-35272.0,837.0,25.0,14.6846,19.0,649587,-34435.0
483,HDFCBANK,Mar 2017,20.904587080836894,32.558583887213224,16.686275791446064,8.078414711201168,1.849825648973266,0.08211071066763491,16136.0,1146.0,30.0,17.8936,18.0,741550,17282.0
484,HDFCBANK,Mar 2018,21.76273332708001,34.62620767282619,16.935373497933377,8.620671721457313,1.840194307778539,0.07731062576936255,16372.0,842.0,36.0,21.1173,18.0,944817,17214.0
485,HDFCBANK,Mar 2019,21.34441475451926,33.145367579235646,14.60633943503413,7.02943913374503,1.8405024542143875,0.0813432177759076,-64375.0,1503.0,41.0,28.1969,18.0,1080235,-62872.0
486,HDFCBANK,Mar 2020,22.339163099788035,37.203839952859916,15.477608047267491,7.558721464294219,1.8276860002411672,0.07729420620813117,-18272.0,1403.0,50.0,32.1821,5.0,1333041,-16869.0
487,HDFCBANK,Mar 2021,24.78141141328023,40.80605513722074,15.183737667413375,7.20374624660407,1.9196575567994731,0.0714373436724614,40653.0,1823.0,58.0,38.078,11.0,1511418,42476.0
488,HDFCBANK,Mar 2022,28.06541313559322,41.60560852165725,15.425327602728373,7.217044641304831,1.7812903428949274,0.06403213665615605,-14011.0,2051.0,69.0,44.5634,23.0,1784970,-11960.0
489,HDFCBANK,Mar 2023,27.026599669700268,36.91977933167012,15.944347321360706,7.39091618930479,1.859518754423213,0.06748017729778946,17822.0,2992.0,82.0,51.8706,23.0,2139212,20814.0
490,HDFCBANK,Mar 2024,23.07288232992184,61.41252040373843,14.33974005030719,6.808786667718385,1.4007688224792112,0.07038097917866981,35669.0,16600.0,84.0,60.0521,23.0,3107503,19069.0
491,HDFCLIFE,Mar 2013,3.1792318634423897,96.26600284495022,33.43305908750935,0.0,483.5357142857143,0.33541676606708337,,,2.0,0.067,0.0,0,
492,HDFCLIFE,Mar 2014,4.223464988931609,96.47559128509845,37.60373443983403,0.0,68.7344398340249,0.3283787661406026,,,4.0,0.0966,14.0,0,
493,HDFCLIFE,Mar 2015,2.8881131728826013,96.78853573397024,30.932703659976386,0.0,333.46835443037975,0.3926618476676911,945.0,3514.0,4.0,0.1274,18.0,0,4459.0
494,HDFCLIFE,Mar 2016,4.503610605810043,94.74119398048619,26.32935868514341,0.0,159.1851851851852,0.23700094063545152,1725.0,3962.0,4.0,0.1555,22.0,0,5687.0
495,HDFCLIFE,Mar 2017,2.8942473977877117,96.82513786014944,23.183481442760062,0.0,213.50359712230215,0.32227094440413473,1053.0,5177.0,4.0,0.1915,25.0,0,6230.0
496,HDFCLIFE,Mar 2018,3.4314941103533787,96.67079975201489,23.52816153028693,0.0,110.59929078014184,0.2919906229917725,2318.0,4421.0,6.0,0.2338,25.0,0,6739.0
497,HDFCLIFE,Mar 2019,3.289151975292755,96.87298931926392,22.651542006380716,0.0,276.7867647058824,0.2988386402091986,-314.0,10182.0,6.0,0.2797,26.0,0,9868.0
498,HDFCLIFE,Mar 2020,4.414567733151804,96.11640571817563,19.05391508741002,0.0,76.53929539295393,0.2221986931268151,-401.0,7789.0,6.0,0.3371,0.0,0,7388.0
499,HDFCLIFE,Mar 2021,1.9027513700928307,98.27480147634493,15.752314814814813,0.06944444444444445,157.9685393258427,0.3981408811332832,751.0,8952.0,7.0,0.4275,30.0,600,9703.0
500,HDFCLIFE,Mar 2022,1.976879301611894,98.84098560915294,8.498783143332906,0.038427052645062125,86.61749347258485,0.2909237476921477,5142.0,801.0,6.0,0.7389,27.0,600,5943.0
501,HDFCLIFE,Mar 2023,1.9485236514877435,99.88605124845101,10.528746247979681,0.07311629338874778,48.80097425191371,0.28301400013705863,-3188.0,10071.0,6.0,0.6046,30.0,950,6883.0
502,HDFCLIFE,Mar 2024,1.5510139729213062,99.47675449833469,10.732306013909723,0.06477567162143734,192.2895238095238,0.33527042786773137,-2893.0,13614.0,7.0,0.6818,27.0,950,10721.0
503,HEROMOTOCO,Mar 2014,8.316518298714143,85.94263105835806,37.38218033078428,0.050506846878890274,50.54883720930233,2.497036158861885,1347.0,1616.0,105.0,14.0575,62.0,284,2963.0
504,HEROMOTOCO,Mar 2015,8.584501416224853,87.21766286585809,36.14678899082569,0.01529051987767584,73.94153846153846,2.5847568988173455,2217.0,31.0,118.0,16.35,51.0,100,2186.0
505,HEROMOTOCO,Mar 2016,10.935797870471237,84.45373721755631,35.22752999773602,0.026262168892913742,57.12351543942993,2.2066532258064515,1422.0,2300.0,157.0,22.085,46.0,232,3722.0
506,HEROMOTOCO,Mar 2017,12.394267738552953,83.9741349178609,34.373788290034895,0.025300504071345483,28.965060240963854,1.8684691745036572,2035.0,1972.0,179.0,25.79,47.0,261,4007.0
507,HEROMOTOCO,Mar 2018,11.467126748413333,83.56645511122065,31.089208152355496,0.019044437019712663,48.12056737588652,1.8657239753980572,2159.0,1858.0,186.0,29.93,51.0,228,4017.0
508,HEROMOTOCO,Mar 2019,10.202820052397634,85.2079715051073,26.417682926829265,0.02378048780487805,39.08367071524966,1.8358733246865542,2330.0,1298.0,172.0,32.8,50.0,312,1032.0
509,HEROMOTOCO,Mar 2020,12.50769125589663,86.0873726669857,25.39913924753575,0.031445231153685964,17.571827057182706,1.4869370743112738,2699.0,2819.0,182.0,36.015,49.0,453,5518.0
510,HEROMOTOCO,Mar 2021,9.483510449303918,86.89557156238897,19.045147898287492,0.03788271925272444,48.67088607594937,1.3404485625216487,1821.0,2289.0,146.0,38.54,72.0,584,4110.0
511,HEROMOTOCO,Mar 2022,7.881289973266556,88.98176034651958,14.696788035590332,0.038177573042216195,48.26788990825688,1.314663226265682,1882.0,222.0,116.0,39.6175,82.0,605,2104.0
512,HEROMOTOCO,Mar 2023,8.197201241290474,88.00281046899701,16.810758885686838,0.034101825168107586,53.03703703703704,1.4281891541581302,2193.0,421.0,141.0,41.64,71.0,568,2614.0
513,HEROMOTOCO,Mar 2024,9.902352536452407,86.14676228532112,21.14243742584327,0.03423922255494661,47.268505079825836,1.4449202768324858,3095.0,1828.0,187.0,44.2475,75.0,606,4923.0
514,HINDALCO,Mar 2013,3.749703839487237,90.39941141994937,8.511180300028306,1.6119728276252476,65.26012601260126,0.665005390165022,-10824.0,13801.0,16.0,18.4974,6.0,56951,2977.0
515,HINDALCO,Mar 2014,2.5029933291521753,90.85010547921775,5.405871342724855,1.5948182445079302,117.69571639586411,0.6355539128292096,-139.0,8095.0,11.0,19.7107,9.0,64756,7956.0
516,HINDALCO,Mar 2015,0.248367391950595,91.51906867022755,0.6757285606198962,1.7863236713715462,-114.71754807692308,0.7356891905238948,3270.0,3873.0,4.0,18.5164,24.0,68468,7143.0
517,HINDALCO,Mar 2016,-0.7108212922366569,92.12426209256877,-1.7286808342978157,1.663473614223448,60.659333333333336,0.6996939339407422,8468.0,3220.0,-1.0,19.6179,-82.0,67552,11688.0
518,HINDALCO,Mar 2017,1.8785434799968057,87.70562165615267,4.086063527215094,1.3855489697996048,73.35475792988314,0.685515655791548,9811.0,2876.0,8.0,20.6543,13.0,63817,12687.0
519,HINDALCO,Mar 2018,5.281161282480921,88.1102245991162,11.089841755997957,0.9493546269962809,35.2552969781174,0.7834832056810916,16231.0,5333.0,27.0,24.5973,4.0,52074,10898.0
520,HINDALCO,Mar 2019,4.209373228539474,88.11800033705627,9.556355541642754,0.9115493643588807,102.07897071872227,0.858987181849288,6521.0,5456.0,24.0,25.9014,5.0,52415,11977.0
521,HINDALCO,Mar 2020,3.188481852654388,87.89104821235102,6.459522952140885,1.172882692868289,114.62472406181016,0.7006606649349417,5518.0,7227.0,17.0,26.2689,6.0,68399,12745.0
522,HINDALCO,Mar 2021,2.6384764559723655,86.69853342221684,5.234996167315468,1.010115281138683,-115.96960486322189,0.6991134507631526,-8048.0,25280.0,16.0,29.9698,19.0,67206,17232.0
523,HINDALCO,Mar 2022,7.038895923797416,85.46747394378112,17.559565678914453,0.8247240731030425,133.06225059856345,0.8792184084199139,10065.0,6773.0,61.0,35.2212,6.0,64486,16838.0
524,HINDALCO,Mar 2023,4.523704984722359,89.84507307282192,10.650169820475497,0.6359407632428328,153.43993879112472,0.9987158204654368,11649.0,7559.0,45.0,42.7054,7.0,60291,19208.0
525,HINDALCO,Mar 2024,4.702216130615571,88.94620349876368,9.567011474761177,0.5309290976579428,126.46543778801843,0.9360228499109322,9789.0,14267.0,45.0,47.8135,8.0,56356,24056.0
526,HINDUNILVR,Mar 2013,14.216412383350615,84.37268552806991,133.99650959860384,0.008726003490401396,20.302760463045413,2.2332120410188554,3668.0,63.0,18.0,1.3264,104.0,25,3605.0
527,HINDUNILVR,Mar 2014,13.532188547581583,83.72100978312923,111.84619734238055,0.013005371783997738,30.9229797979798,2.125490766322524,3343.0,475.0,18.0,1.6375,71.0,46,3818.0
528,HINDUNILVR,Mar 2015,13.68697610409108,83.07268860252721,108.66650111745717,0.010677924012912838,21.312750601443465,2.2156618156618157,3430.0,138.0,20.0,1.8644,74.0,43,3292.0
529,HINDUNILVR,Mar 2016,12.896911700739452,81.63797924563475,63.15228966986155,0.026928343222272933,54.10288065843621,2.175758804840127,3889.0,282.0,19.0,3.0431,83.0,177,4171.0
530,HINDUNILVR,Mar 2017,13.539593510644716,80.91791809902901,66.57769869513642,0.041073546856465006,44.31188118811881,2.111422386349166,4012.0,1173.0,21.0,3.1222,82.0,277,5185.0
531,HINDUNILVR,Mar 2018,14.705303136868759,78.90279926853285,71.78958934212334,0.0,79.5099150141643,1.989978725786586,4996.0,1063.0,24.0,3.3708,83.0,0,6059.0
532,HINDUNILVR,Mar 2019,15.41592470109387,77.41032816077335,77.03063429515699,0.01258421253336723,94.57453416149069,2.1101508400880347,5362.0,438.0,28.0,3.6421,78.0,99,5800.0
533,HINDUNILVR,Mar 2020,16.982128044642185,75.21303069150139,82.09989063069631,0.0,70.62971698113208,1.974048528755024,9414.0,1791.0,31.0,3.8097,80.0,0,7623.0
534,HINDUNILVR,Mar 2021,17.00901590541805,75.27855745513311,16.778537567646936,0.0,208.39411764705883,0.6841431480942682,7935.0,1228.0,34.0,20.2868,119.0,0,9163.0
535,HINDUNILVR,Mar 2022,16.954581855622926,75.48526103039318,18.12437577709382,0.02125924869040582,180.88584474885846,0.7438515870989703,7320.0,1728.0,38.0,20.877,90.0,1043,9048.0
536,HINDUNILVR,Mar 2023,16.743149554308353,76.64740838560581,20.16340648854962,0.024232665394402036,103.69642857142857,0.8289886010646305,8507.0,1484.0,43.0,21.406,91.0,1219,9991.0
537,HINDUNILVR,Mar 2024,16.611735814915342,76.31672482874498,20.074973642078955,0.028974188761763442,57.847001223990205,0.7885945801322478,10145.0,5324.0,44.0,21.7949,96.0,1484,15469.0
538,ICICIBANK,Mar 2013,22.568786899855187,70.58928372507519,14.731759812689965,7.091880807992671,1.079467939972715,0.06651383624126066,-1069.0,18563.0,15.0,5.9587,24.0,487659,17494.0
539,ICICIBANK,Mar 2014,23.599911073384668,66.39584470179268,15.278032186314276,7.1052597147716865,1.0911085258434436,0.06616944963771895,-8985.0,15750.0,17.0,6.6173,24.0,543055,6765.0
540,ICICIBANK,Mar 2015,23.546321228440434,70.52980132450331,15.278909155303703,7.050433858686028,1.0988596391694088,0.06653600926787874,-25448.0,13175.0,19.0,7.3022,24.0,597207,-12273.0
541,ICICIBANK,Mar 2016,18.428508786723782,88.12358754680069,11.610757509749126,7.1347132641242785,1.2400123509571992,0.06453726560697291,11585.0,12060.0,16.0,8.0921,29.0,671455,23645.0
542,ICICIBANK,Mar 2017,18.608467344929437,104.76042008532984,10.837984555394144,6.698467008181054,1.2158107438331618,0.06182251642192295,50925.0,1711.0,16.0,8.9813,14.0,700874,52636.0
543,ICICIBANK,Mar 2018,14.63916862391815,117.12300119043788,8.225616921269095,7.368688420862334,1.280370376890172,0.05529044785067078,-31168.0,50551.0,12.0,8.6026,12.0,815198,19383.0
544,ICICIBANK,Mar 2019,7.903364730071407,116.38326248228724,4.979300324717951,7.804092671527225,1.4109397387273495,0.05810651327016437,18389.0,30282.0,7.0,8.8637,15.0,891641,48671.0
545,ICICIBANK,Mar 2020,13.231411193361309,100.6188410580414,9.128985035783995,8.251756668835394,1.3134411085450346,0.06159623376887399,37470.0,42095.0,15.0,9.495,0.0,1014636,79565.0
546,ICICIBANK,Mar 2021,22.83907001783251,102.40682794432668,12.922385729787356,7.004638707507599,1.2644304043007177,0.05665416199647734,74384.0,63631.0,27.0,11.3946,8.0,1103840,138015.0
547,ICICIBANK,Mar 2022,27.815569088222038,84.68770635278334,14.577073709304432,6.882435334765151,1.3000370197492315,0.05443625805001264,18663.0,39448.0,36.0,13.0973,14.0,1252968,58111.0
548,ICICIBANK,Mar 2023,29.290392922926973,72.57469004765956,16.53208887728557,6.526373206276982,1.3492136626121145,0.061816501488391566,-71460.0,67689.0,49.0,15.3542,16.0,1399894,-3771.0
549,ICICIBANK,Mar 2024,28.888011233982798,62.41380175029464,17.99027109750765,6.445624336310825,1.3009461331381824,0.06747535915921023,12547.0,144737.0,63.0,18.2309,16.0,1651008,157284.0
550,ICICIGI,Mar 2013,8.798604187437686,104.46161515453637,18.877005347593585,0.0,7.145051194539249,0.3174804146553771,22.0,962.0,8.0,0.4279,0.0,0,984.0
551,ICICIGI,Mar 2014,11.948529411764707,105.19301470588236,21.72096908939014,0.0,5.597307221542228,0.2951709169831796,-111.0,706.0,12.0,0.538,0.0,0,595.0
552,ICICIGI,Mar 2015,13.816721776098253,105.24326877657062,20.27027027027027,0.0,4.486895161290323,0.2890891711047385,73.0,171.0,13.0,0.6456,15.0,0,-98.0
553,ICICIGI,Mar 2016,8.403779214321233,87.33631692358695,15.66265060240964,0.0,,0.3848558305690227,201.0,310.0,11.0,0.7225,26.0,0,511.0
554,ICICIGI,Mar 2017,9.335106382978724,87.77925531914894,17.9953857985132,0.12432709561650859,-3306.5,0.3220418825746221,-362.0,1990.0,16.0,0.865,22.0,485,1628.0
555,ICICIGI,Mar 2018,12.471064814814815,103.79050925925925,18.982602950891874,0.1068046685752037,4.569789674952199,0.2323361344537815,494.0,1896.0,19.0,1.0002,17.0,485,2390.0
556,ICICIGI,Mar 2019,9.39711547075159,85.04882200125414,19.425925925925927,0.08981481481481482,-4754.5,0.3341915396820645,120.0,2856.0,23.0,1.1894,26.0,485,2976.0
557,ICICIGI,Mar 2020,10.367283146652774,84.61404879742989,19.46527551353114,0.07906749266384089,650.6666666666666,0.3109173370768317,51.0,3382.0,26.0,1.3511,13.0,485,3433.0
558,ICICIGI,Mar 2021,12.112490749116027,82.97015048104596,19.38412949072246,0.06382418739307803,842.25,0.3094559519568426,407.0,1367.0,32.0,1.6701,25.0,485,1774.0
559,ICICIGI,Mar 2022,7.93086234868339,93.660302009235,13.8257369737844,0.02773849668225824,18.561186650185412,0.3151746381371932,944.0,135.0,26.0,1.8723,35.0,255,809.0
560,ICICIGI,Mar 2023,9.672186171402998,92.92906690534795,16.554959785522787,0.003351206434316354,16.769929364278507,0.3245107649856588,605.0,1685.0,35.0,2.1271,31.0,35,2290.0
561,ICICIGI,Mar 2024,9.366915605017816,87.42129155073948,15.7230643179025,0.0028676771814829987,160.02678571428572,0.3236083907247109,486.0,1921.0,39.0,2.4757,28.0,35,2407.0
562,ICICIPRULI,Mar 2013,7.5655430711610485,96.27965043695382,38.24791719262812,0.0,21.426666666666666,0.2662190906673757,-1077.0,1564.0,11.0,0.2772,32.0,0,-2641.0
563,ICICIPRULI,Mar 2014,7.131761695906433,93.12865497076024,35.614875655943415,0.0,158.06976744186048,0.2686501215111569,3630.0,6012.0,11.0,0.3067,70.0,0,-2382.0
564,ICICIPRULI,Mar 2015,4.760107973180855,95.1963544538937,31.14909781576448,0.0,762.8604651162791,0.34039421034431655,-1299.0,1822.0,11.0,0.3677,51.0,0,523.0
565,ICICIPRULI,Mar 2016,7.91404863542616,91.16984028010936,30.99755776817584,0.19331204208153296,,0.1990073020569847,3661.0,27.0,12.0,0.3717,73.0,1029,3634.0
566,ICICIPRULI,Mar 2017,4.447852760736196,95.22424370636767,26.256634405245084,0.0,277.03846153846155,0.3031561395210877,3434.0,696.0,12.0,0.4464,63.0,0,4130.0
567,ICICIPRULI,Mar 2018,4.169241862381541,95.44190358467245,24.627319744447824,0.0,280.81060606060606,0.27381380492035623,301.0,5389.0,11.0,0.4578,59.0,0,5690.0
568,ICICIPRULI,Mar 2019,2.747027470274703,98.69522224634011,16.57691747926066,0.0,50.33579335793358,0.25424009418343696,3818.0,7559.0,8.0,0.4785,40.0,0,11377.0
569,ICICIPRULI,Mar 2020,5.074910820451843,101.51724137931035,14.792735338971303,0.0,13.524714828897338,0.13474886400779332,-2201.0,10797.0,7.0,0.5023,11.0,0,8596.0
570,ICICIPRULI,Mar 2021,1.1492871053833762,100.46885143420452,10.495114721703809,0.1317378416950269,50.07309766327142,0.382938955897247,2230.0,5084.0,7.0,0.6343,30.0,1200,7314.0
571,ICICIPRULI,Mar 2022,1.194072116292241,103.40444276634572,8.287835772002621,0.1310329766324525,20.5969915387026,0.26004246492961375,1015.0,816.0,5.0,0.6373,10.0,1200,1831.0
572,ICICIPRULI,Mar 2023,1.6106026387733272,103.48072427592219,8.057482656095145,0.11892963330029732,17.857094017094017,0.1972945190755557,-1056.0,1145.0,6.0,0.7012,11.0,1200,89.0
573,ICICIPRULI,Mar 2024,0.942341125272681,102.02531365231931,7.732848705134029,0.10904134484325306,31.021548821548823,0.3020290902037117,105.0,7420.0,6.0,0.7637,10.0,1200,-7315.0
574,INDUSINDBK,Mar 2013,15.194042675068022,27.881999140770443,13.905635648754917,8.332372214941023,1.4314013206162877,0.09525693317145702,-660.0,174.0,20.0,1.4589,15.0,63576,-486.0
575,INDUSINDBK,Mar 2014,17.058395929246426,30.95468863581294,15.570054185557892,8.3229016919164,1.3532522474881015,0.09484521867028245,-4280.0,174.0,27.0,1.7192,13.0,75264,-4106.0
576,INDUSINDBK,Mar 2015,18.510111432108957,32.32562938505985,16.85456595264938,8.901916572717024,1.2307692307692308,0.08670060024868724,-1697.0,276.0,34.0,2.0121,12.0,94752,-1421.0
577,INDUSINDBK,Mar 2016,19.255390835579515,35.27628032345013,12.918173598553345,6.667947558770344,1.2711555959963603,0.08308082045109415,-3185.0,258.0,38.0,2.9741,12.0,117996,-2927.0
578,INDUSINDBK,Mar 2017,19.908371511870055,39.455782312925166,13.891310665504214,7.218153637508476,1.3634619995204986,0.08063902198737181,11284.0,285.0,48.0,3.4525,13.0,149026,11569.0
579,INDUSINDBK,Mar 2018,20.866847983334296,37.931832648573575,15.125204479677864,7.966444360555346,1.3810526315789473,0.07797370344634655,-20917.0,217.0,60.0,3.9735,12.0,189928,-20700.0
580,INDUSINDBK,Mar 2019,14.82862405103095,41.70073222227214,12.369781908116616,9.075507756876265,1.6435275367451745,0.08012770904797728,-7022.0,633.0,55.0,4.4255,14.0,242189,-6389.0
581,INDUSINDBK,Mar 2020,15.349338150991903,43.81405690859187,12.729420577981386,7.57175785864523,1.813983599482089,0.09373799086817475,-11513.0,526.0,64.0,5.001,0.0,262793,-12039.0
582,INDUSINDBK,Mar 2021,9.779310344827588,55.16206896551724,6.5398362734924484,7.091617664014758,2.4375667022411953,0.07989574982161207,44420.0,226.0,37.0,5.61,14.0,307528,44646.0
583,INDUSINDBK,Mar 2022,14.960093439750827,51.39186295503212,9.667071994632899,7.149251540945113,2.1593946004908644,0.07667641022451645,16249.0,351.0,60.0,6.1546,14.0,341005,16600.0
584,INDUSINDBK,Mar 2023,20.320061592608887,42.68862736471624,13.5293471495002,7.056662150781737,1.90191036002939,0.07944010974128667,-12879.0,441.0,95.0,7.0389,15.0,385449,-12438.0
585,INDUSINDBK,Mar 2024,19.56369677362945,38.55469091544986,14.252273197764223,6.885742949503957,1.8795270558159352,0.08884228106460039,-17468.0,625.0,115.0,8.0716,14.0,432404,-16843.0
586,INFY,Mar 2013,23.366871530531323,28.59337827121332,24.81707638048113,0.0,2780.6,0.8720043219881145,4451.0,2922.0,21.0,13.2846,25.0,0,7373.0
587,INFY,Mar 2014,21.255460475136136,26.70895418187621,23.92993487536492,0.0,1783.7777777777778,0.8800512586455078,7262.0,2563.0,23.0,15.5699,34.0,0,9825.0
588,INFY,Mar 2015,23.20373600405109,27.913126652787934,24.385052034058656,0.0,1526.0833333333333,0.804341595136448,9352.0,999.0,27.0,8.8699,55.0,0,8353.0
589,INFY,Mar 2016,21.602793036626576,27.352220496148366,21.84665716506867,0.0,,0.8314602253056007,9143.0,885.0,29.0,5.3972,41.0,0,10028.0
590,INFY,Mar 2017,20.958180012849716,27.165469306699375,20.80687715635963,0.0,,0.8236397748592871,-3133.0,14664.0,31.0,6.0299,41.0,0,11531.0
591,INFY,Mar 2018,22.729077451008195,26.68954368849437,24.689247262141308,0.0,,0.888757262221326,17751.0,4533.0,37.0,5.9672,59.0,0,13218.0
592,INFY,Mar 2019,18.639250075597218,24.396734200181434,23.726673646609594,0.0,,0.9834534770299527,14209.0,632.0,35.0,2.993,60.0,0,14841.0
593,INFY,Mar 2020,18.32670639160269,24.525558700752278,25.422459893048128,0.0707868601986249,147.47058823529412,0.98900871459695,16672.0,331.0,39.0,3.0844,45.0,4633,17003.0
594,INFY,Mar 2021,19.331754120550997,27.757982323433396,25.43909051616875,0.06974368377624393,154.30769230769232,0.9345276297309113,15851.0,7373.0,45.0,3.5947,59.0,5325,23224.0
595,INFY,Mar 2022,18.20603250548746,25.88847510296693,29.39084273390843,0.07264764432647644,168.93,1.0420803742000702,17400.0,6485.0,53.0,3.5915,59.0,5474,23885.0
596,INFY,Mar 2023,16.426035825492104,23.93589839677857,31.970506716883047,0.11005609558794277,133.20774647887325,1.1779431121384314,21396.0,1071.0,58.0,3.6446,73.0,8299,22467.0
597,INFY,Mar 2024,17.08075746730006,23.703390381987376,29.788006718416632,0.09486358890553362,87.52340425531915,1.129760329363329,20117.0,5093.0,63.0,4.2548,,8359,25210.0
598,IOC,Mar 2013,0.7854389536142752,3.0016458053618607,5.753763662610847,1.422513761758967,2.4232272473478504,1.9091442793474396,46.0,9294.0,3.0,2.5963,36.0,89671,9340.0
599,IOC,Mar 2014,1.4266553358793475,3.526605166429471,10.258713353849778,1.39761165019952,3.7468056489576327,1.8362079013961115,5601.0,18594.0,5.0,2.7971,30.0,94916,24195.0
600,IOC,Mar 2015,1.0838540890353208,2.352577379217676,7.078103207810321,0.942773709902371,3.912163770530826,1.9219310509955834,35877.0,10215.0,3.0,2.8349,33.0,64893,46092.0
601,IOC,Mar 2016,3.587105723244087,6.3685358840613215,13.79528784174261,0.6507223827517226,7.816747920848867,1.4934078501607577,12014.0,13610.0,8.0,3.7966,28.0,58552,25624.0
602,IOC,Mar 2017,5.736129596852938,9.609177807354964,19.966502115655853,0.6197206550697383,10.287202778519903,1.2983351539352401,10532.0,17684.0,14.0,2.1544,45.0,63271,28216.0
603,IOC,Mar 2018,5.36807341539104,9.883461607812247,19.869329258654304,0.5765143931011468,11.868129032258064,1.424633272493747,11996.0,17119.0,15.0,1.2013,90.0,65650,29115.0
604,IOC,Mar 2019,3.2706122031664764,6.676411225428754,15.358898896584835,0.8603704131805209,7.991675126903553,1.5748845281083483,-9822.0,22569.0,12.0,1.225,49.0,96765,12747.0
605,IOC,Mar 2020,-0.3877931962551911,3.31836043682547,-1.9664982494391918,1.3605107025304515,1.5345303867403315,1.4661173104781762,-21955.0,29101.0,-1.0,1.0391,-437.0,129790,7146.0
606,IOC,Mar 2021,5.9793927737326555,10.971012501717269,19.458502476796795,1.043017578998194,15.214797136038186,1.0247926903095919,26715.0,22935.0,15.0,1.2181,51.0,116649,49650.0
607,IOC,Mar 2022,4.365532536597202,8.103902626921492,19.266110008611975,0.9886546598270116,9.550788412174551,1.434282835461276,4453.0,21294.0,18.0,1.4545,46.0,132020,25747.0
608,IOC,Mar 2023,1.3904266794653084,3.6451180627165116,8.37669355358178,1.0662463051366653,4.7188982604111755,1.9044468828832906,1614.0,28030.0,7.0,1.0145,42.0,148977,29644.0
609,IOC,Mar 2024,5.559462717942377,9.743776019125345,23.53162465856491,0.7230954600718581,10.282324578099226,1.6084096601703395,39635.0,31464.0,30.0,1.3318,40.0,132628,71099.0
610,IRCTC,Mar 2015,12.370160528800756,14.353163361661943,29.504504504504503,0.0,,0.9113597246127366,23.0,46.0,13.0,2.22,20.0,0,69.0
611,IRCTC,Mar 2016,13.825896122896856,13.89904901243599,34.87084870848708,0.0,,0.9512874043145442,295.0,7.0,19.0,2.71,40.0,0,288.0
612,IRCTC,Mar 2017,15.06578947368421,20.657894736842106,29.09783989834816,0.0,127.0,0.8324205914567361,432.0,94.0,11.0,1.9675,49.0,0,338.0
613,IRCTC,Mar 2018,15.075034106412005,18.69031377899045,23.141361256544503,0.0,124.33333333333333,0.6321690383786115,64.0,40.0,11.0,2.3875,21.0,0,24.0
614,IRCTC,Mar 2019,16.524064171122994,20.481283422459892,28.851540616246496,0.0,254.5,0.7208943716268311,146.0,353.0,4.0,0.6694,98.0,0,499.0
615,IRCTC,Mar 2020,22.659010600706715,31.051236749116605,39.04109589041096,0.0,78.0,0.6985498302992903,417.0,8.0,6.0,0.8213,39.0,0,409.0
616,IRCTC,Mar 2021,24.066924066924066,24.195624195624195,12.843406593406591,0.05425824175824176,39.0,0.24643196955280686,-205.0,453.0,2.0,0.91,43.0,79,248.0
617,IRCTC,Mar 2022,35.125066524747204,46.514103246407664,35.294117647058826,0.05614973262032086,86.0,0.4837796086508754,282.0,242.0,8.0,1.1687,42.0,105,524.0
618,IRCTC,Mar 2023,28.410053657158997,36.0350183563965,40.597255851493145,0.03389830508474576,89.0,0.6958145018667715,495.0,317.0,13.0,1.5488,44.0,84,812.0
619,IRCTC,Mar 2024,26.01873536299766,34.33255269320843,34.39628482972136,0.018575851393188854,82.73684210526316,0.7010343129207027,667.0,215.0,14.0,2.0187,47.0,60,882.0
620,IRFC,Mar 2016,11.309444518449448,99.48048488077794,7.366594360086768,7.592451193058569,1.3533248776952347,0.06925276752767527,-16376.0,2.0,188.0,0.2546,40.0,87503,-16378.0
621,IRFC,Mar 2017,10.323864264397038,99.71261191555212,7.7775002081772,8.85960529602798,1.3096689895470384,0.06978017740069417,-19453.0,2.0,143.0,0.184,40.0,106395,-19455.0
622,IRFC,Mar 2018,22.17546131434121,99.58994280781268,14.754451464675475,9.621338311315336,1.3904790599578187,0.057392176778061285,-28074.0,2.0,3.0,0.2134,18.0,134006,-28076.0
623,IRFC,Mar 2019,20.25327824681157,99.55990659241961,9.009908902029727,6.94953651909861,1.354637663448613,0.05389053454918588,-41747.0,1.0,2.0,0.2668,18.0,173933,-41748.0
624,IRFC,Mar 2020,23.783622680873258,99.50823336562105,10.535001155153635,7.7354698174857255,1.3140804880448687,0.04871435623439224,-62700.0,1.0,3.0,0.255,0.0,234377,-62701.0
625,IRFC,Mar 2021,28.000760890241583,99.27715427049648,12.29604054129309,8.997744612128974,1.3933434190620273,0.041450055455974265,-89907.0,0.0,3.0,0.2748,31.0,323145,-89907.0
626,IRFC,Mar 2022,30.001477905315532,99.39898517168334,14.854745469180672,9.474839622411396,1.433676731793961,0.045110893817503,-64417.0,5.0,5.0,0.3137,30.0,388440,-64412.0
627,IRFC,Mar 2023,25.996964842761994,99.4351235140376,13.802287325708914,9.376133031937513,1.354330257350834,0.048376801486258024,-28588.0,0.0,5.0,0.3419,32.0,418935,-28588.0
628,IRFC,Mar 2024,24.064552448864703,99.50459748545694,13.038085361638096,8.378352548852153,1.3194865927068304,0.05492885738906,7906.0,8.0,5.0,0.3763,31.0,412039,7914.0
629,ITC,Mar 2013,24.36586754380416,35.48927825921943,33.26712151308403,0.0044045254339753,111.78703703703704,0.8949588157038127,3221.0,3881.0,6.0,2.9314,55.0,102,7102.0
630,ITC,Mar 2014,25.49425026907608,37.04752733246474,33.04695818188493,0.00888497264750156,484.3448275862069,0.8643262828045437,4090.0,3254.0,7.0,3.426,54.0,242,7344.0
631,ITC,Mar 2015,25.192570265605273,36.715871911791226,30.813587093521555,0.008476178472397277,170.12087912087912,0.844729282729805,4568.0,5275.0,8.0,3.9571,52.0,269,9843.0
632,ITC,Mar 2016,24.242192284139623,37.07644417228006,22.261012183692596,0.0019681349578256793,205.30769230769232,0.7587849218795377,5878.0,3921.0,8.0,5.3019,73.0,84,9799.0
633,ITC,Mar 2017,24.497287691732136,36.171904227459784,22.57341693060134,0.0009911016310085537,351.61224489795916,0.7651078750581416,7376.0,3251.0,8.0,3.82,56.0,46,10627.0
634,ITC,Mar 2018,26.45170199544293,38.02389007802251,21.88725956960579,0.0006855836983431727,163.1391304347826,0.6763437679986302,6055.0,7114.0,9.0,4.3041,56.0,36,13169.0
635,ITC,Mar 2019,26.553578816714936,38.347124534546964,21.70406317106576,0.00021981366564650582,290.38028169014086,0.6738315281785361,7037.0,5546.0,10.0,4.8239,56.0,13,12583.0
636,ITC,Mar 2020,31.57244674819794,39.16740908722767,23.88889740015014,0.004243714859130115,268.65432098765433,0.6388224185432863,8516.0,6174.0,12.0,5.3111,82.0,277,14690.0
637,ITC,Mar 2021,27.16974237164261,34.64482205574842,22.17674449434106,0.004490695477819941,338.6551724137931,0.6677919225607029,18267.0,5740.0,11.0,4.9023,101.0,271,12527.0
638,ITC,Mar 2022,25.563525434908072,34.00610108005606,24.822672324073334,0.003986870546793691,375.55,0.7855976993626613,13538.0,2238.0,12.0,5.0694,93.0,249,15776.0
639,ITC,Mar 2023,27.463726222873987,36.24416587938352,28.16426867182416,0.004424842744559323,356.43589743589746,0.8262632382239518,13146.0,5732.0,15.0,5.5636,100.0,306,18878.0
640,ITC,Mar 2024,29.282025230717128,37.0177518132814,27.851074395694365,0.004066731984914169,362.9625,0.7723477995509732,18742.0,1563.0,16.0,5.9701,84.0,303,17179.0
641,JINDALSTEL,Mar 2013,14.903821881153128,30.82748523249356,13.890457368718238,1.1583850931677018,6.034676663542643,0.3470467646698088,-6069.0,9591.0,31.0,22.8516,5.0,24618,3522.0
642,JINDALSTEL,Mar 2014,9.830965467178263,30.068443430467696,8.385670057496682,1.6084918177797434,3.4023242944106253,0.27986011347641226,-8114.0,12694.0,21.0,24.8462,7.0,36368,4580.0
643,JINDALSTEL,Mar 2015,-7.48415030153085,28.163496726972838,-6.900484744796122,2.162389506700884,1.413913043478261,0.2568410183089082,-5535.0,6717.0,-14.0,23.1231,0.0,45501,1182.0
644,JINDALSTEL,Mar 2016,-15.855976167240229,17.653705891417122,-9.517203107658158,1.4427487976322604,1.031960663798402,0.2107080239832031,2071.0,2262.0,-32.0,35.644,0.0,46797,4333.0
645,JINDALSTEL,Mar 2017,-11.74836828218303,21.797898440031478,-8.44564240790656,1.5257395760540415,1.2632955536181343,0.23850952249516974,4852.0,1998.0,-25.0,32.6641,0.0,45850,6850.0
646,JINDALSTEL,Mar 2018,-4.85489394940816,19.43459712792165,-5.3184136909659365,1.413921342767813,1.5222452146921883,0.3730359744480556,6293.0,1431.0,-15.0,31.3247,0.0,42962,7724.0
647,JINDALSTEL,Mar 2019,-5.135630030234638,17.910829110420305,-7.517531556802244,1.2329437431821724,1.6280487804878048,0.5277019359333042,8195.0,832.0,-17.0,33.0773,0.0,39559,9027.0
648,JINDALSTEL,Mar 2020,-1.0547688737705352,18.01281544181631,-1.2446712512057752,1.1458443538600367,1.8325371549893843,0.4225780570970114,7338.0,1476.0,-1.0,31.5069,0.0,36824,8814.0
649,JINDALSTEL,Mar 2021,12.339859452268719,31.61745568119379,13.411912619833414,0.9401225836869401,4.084998183799492,0.44423175745118193,10077.0,1884.0,36.0,31.1912,0.0,29910,11961.0
650,JINDALSTEL,Mar 2022,13.223625063518742,30.322870656295198,18.992280701754385,0.37900350877192984,7.243114406779661,0.6675799801680496,13717.0,2331.0,56.0,35.2723,5.0,13502,16048.0
651,JINDALSTEL,Mar 2023,7.468240246560925,18.683755543862286,10.267142045160957,0.3370536867669095,6.502766251728907,0.7664453310671641,3257.0,4090.0,31.0,38.706,6.0,13046,7347.0
652,JINDALSTEL,Mar 2024,11.802438733764944,20.260555268697622,13.410506363390198,0.3716941962270963,8.004636785162287,0.6400172860847018,-2336.0,8344.0,58.0,44.316,3.0,16472,6008.0
653,JIOFIN,Mar 2023,68.88888888888889,86.66666666666667,0.027164388363126533,0.006510690501226779,,0.00039154267815191856,945.0,1110.0,,5706.0,0.0,743,2055.0
654,JIOFIN,Mar 2024,86.52291105121293,84.04312668463612,1.153456416595399,0.0,198.8,0.012805202156520298,763.0,1441.0,3.0,2.1903,0.0,0,-678.0
655,JSWENERGY,Mar 2013,10.15783540022548,31.578354002254795,14.522888459058672,1.6726305609284333,2.917964693665628,0.43527333398763374,781.0,944.0,6.0,0.3783,36.0,10377,1725.0
656,JSWENERGY,Mar 2014,8.788159111933396,37.638760407030524,11.565971693806118,1.5379698676000608,2.5505804311774463,0.4493868218665558,1906.0,363.0,5.0,0.4007,43.0,10106,2269.0
657,JSWENERGY,Mar 2015,14.528725794372527,38.7717984380015,18.063314711359403,1.2362330407023145,3.3597185576077395,0.48130792996910404,2972.0,422.0,8.0,0.4584,24.0,9294,3394.0
658,JSWENERGY,Mar 2016,14.861563517915311,41.01180781758957,15.045342126957955,1.5315333882934872,2.916555407209613,0.3442307018465959,266.0,3272.0,9.0,0.5964,22.0,14862,3538.0
659,JSWENERGY,Mar 2017,7.53963451530921,40.22752027108798,6.00829395312952,1.3838364355289807,2.1038575667655786,0.2910634400648138,3091.0,762.0,4.0,0.6369,13.0,14349,3853.0
660,JSWENERGY,Mar 2018,1.0560318051931916,33.70605044104858,0.7650765076507651,1.0695769576957697,1.8956043956043955,0.30122375659593575,3719.0,215.0,0.0,0.6774,0.0,11883,3934.0
661,JSWENERGY,Mar 2019,7.485226526592252,31.243160428977895,5.785823041786499,0.8928269328370834,2.7290268456375837,0.3524647072436936,2436.0,55.0,4.0,0.7204,24.0,10555,2491.0
662,JSWENERGY,Mar 2020,13.066602199927473,35.74277771062492,9.282156963764383,0.844925296239052,3.1712654614652713,0.3318358669929004,2383.0,301.0,7.0,0.7093,15.0,9840,2082.0
663,JSWENERGY,Mar 2021,11.889627275353943,42.08321294423577,5.67312331977666,0.5770317777624595,3.5279017857142856,0.2641279047582707,2670.0,1030.0,5.0,0.8835,41.0,8371,3700.0
664,JSWENERGY,Mar 2022,21.341986041386065,43.73699032692543,10.008613264427218,0.5135228251507321,5.337194337194338,0.2676476371501606,1565.0,1387.0,11.0,1.0619,19.0,8943,2952.0
665,JSWENERGY,Mar 2023,14.3244289585753,31.765389082462253,7.944602501476193,1.3447313328681088,4.687203791469194,0.2133961211971002,-4694.0,6778.0,9.0,1.1352,22.0,25051,2084.0
666,JSWENERGY,Mar 2024,15.018283127285393,46.857043357130415,8.280529953917052,1.5156009984639016,2.8514369215781783,0.19883324389357246,-1963.0,8197.0,10.0,1.2695,19.0,31573,6234.0
667,JSWSTEEL,Mar 2013,2.431300706621303,17.042658989793246,5.443891004980955,1.2672135950776442,3.1545500762582614,0.6643715333924504,411.0,5433.0,4.0,6.0088,30.0,21625,5844.0
668,JSWSTEEL,Mar 2014,0.7848496680983992,17.90121046466224,1.8985548313969962,1.6778596391801266,2.4734251968503935,0.6597114889232355,-3024.0,5618.0,2.0,6.9881,74.0,35527,2594.0
669,JSWSTEEL,Mar 2015,3.2507739938080498,17.677263459941102,7.7254374158815615,1.7386271870794079,2.71027769825365,0.6184416372848903,504.0,7372.0,7.0,7.3564,19.0,38754,7876.0
670,JSWSTEEL,Mar 2016,-1.1577528522601455,15.457565108554375,-2.536117262469683,2.225245175577349,1.237434046098306,0.5072338139597348,3040.0,3857.0,-1.0,6.301,-67.0,42204,6897.0
671,JSWSTEEL,Mar 2017,6.235162937918135,22.135098194374507,15.30887093213229,1.9134543206605732,3.271231422505308,0.6318277370603943,2794.0,5094.0,15.0,7.5239,19.0,43334,7888.0
672,JSWSTEEL,Mar 2018,8.49818581179709,20.735962631893567,21.83370240731481,1.4069933566683335,3.982437179140773,0.7821354789605306,7850.0,4529.0,26.0,9.2709,16.0,39393,12379.0
673,JSWSTEEL,Mar 2019,8.877142890852673,22.334438453461072,21.623796522488863,1.3621497341572064,4.882818483533316,0.7383206878228525,3246.0,11387.0,32.0,11.5598,16.0,47396,14633.0
674,JSWSTEEL,Mar 2020,5.344625371628072,16.1102473883752,10.707942839968306,1.678269898084647,2.7019929660023445,0.5562585343650432,-6804.0,19589.0,17.0,12.1591,15.0,61423,12785.0
675,JSWSTEEL,Mar 2021,9.861095454602388,25.273362642317664,16.835600034214355,1.3341886921563595,5.218852666161233,0.5382997228908352,11087.0,7702.0,33.0,15.4848,25.0,62392,18789.0
676,JSWSTEEL,Mar 2022,14.304746158733629,26.722506507436584,31.112828209281247,1.0734059467732588,8.19524959742351,0.7449474514593989,11522.0,14748.0,85.0,22.3578,25.0,72237,26270.0
677,JSWSTEEL,Mar 2023,2.4939744516751023,11.129187756085804,6.300327269959662,1.2307329324910572,2.9022022602144304,0.7882625071839422,12593.0,10730.0,17.0,21.8256,25.0,80853,23323.0
678,JSWSTEEL,Mar 2024,5.127252779904689,16.089162657280323,11.5528718021347,1.1328071688833383,3.659099321406539,0.7679137157851319,-2389.0,14467.0,36.0,25.4652,25.0,87984,12078.0
679,KOTAKBANK,Mar 2013,20.64956634065326,60.92452482007751,14.659068579288661,5.60430994956442,1.288341158059468,0.09356412137954849,-6157.0,9035.0,15.0,4.093,2.0,85561,2878.0
680,KOTAKBANK,Mar 2014,21.08293008509928,58.84365092608043,13.241458813665899,4.503091595053448,1.3330177962892844,0.09808751442343101,7938.0,1130.0,16.0,4.9569,2.0,85937,9068.0
681,KOTAKBANK,Mar 2015,23.312561003078308,72.96343569337037,14.014262502256724,4.70563278570139,1.1890333660451422,0.08971198405000538,-2165.0,4467.0,20.0,5.7399,2.0,104258,2302.0
682,KOTAKBANK,Mar 2016,17.27281639054995,56.567983531026364,10.562282699916077,5.38541541781561,1.5109422094089897,0.08472450623743792,2672.0,2353.0,19.0,3.6384,3.0,179679,5025.0
683,KOTAKBANK,Mar 2017,22.482530012542558,66.439706145852,13.03907305414112,5.331757248259379,1.2704974271012006,0.08082900053586688,7933.0,5289.0,27.0,4.1839,2.0,205230,13222.0
684,KOTAKBANK,Mar 2018,24.901516055867255,66.86960327881899,12.395024560291553,4.948502614482649,1.2270866832334455,0.07441371550396779,-15867.0,5475.0,33.0,5.2978,2.0,249840,-10392.0
685,KOTAKBANK,Mar 2019,24.149374811437767,66.2331132043847,12.467766220729997,5.049462626122774,1.2225043349021552,0.07548883900893537,-1501.0,3323.0,38.0,6.0567,2.0,291763,1822.0
686,KOTAKBANK,Mar 2020,25.670669773555595,67.44936368524826,12.89523838107958,4.899335204165854,1.335721051385271,0.07553257982774221,33551.0,13068.0,45.0,6.9631,0.0,326477,46619.0
687,KOTAKBANK,Mar 2021,30.438756855575868,90.83485679463742,11.845053889659587,3.878514091938486,1.262591148041377,0.06853863599343432,-6291.0,11172.0,50.0,8.5105,2.0,327110,4881.0
688,KOTAKBANK,Mar 2022,35.82881360955514,90.98426246999199,12.50607769099467,3.783654890601562,1.2298624754420433,0.061740390632719605,-2595.0,10903.0,61.0,9.7445,2.0,365747,8308.0
689,KOTAKBANK,Mar 2023,35.40841261180043,79.44058266707789,13.348060171356002,3.745568533457349,1.2877919279750683,0.06793836532727301,-11623.0,10381.0,75.0,11.2602,2.0,418807,-1242.0
690,KOTAKBANK,Mar 2024,32.386151466116615,83.66733645109092,14.013018188532914,4.003739266919029,1.2363751084470385,0.07325702420450533,6766.0,8919.0,92.0,13.0757,2.0,520374,15685.0
691,LICI,Mar 2019,0.4596611071061123,1.0358560160137742,324.32098765432096,332.59382716049384,,0.16675415179930025,22910.0,9636.0,,0.81,2.0,269401,13274.0
692,LICI,Mar 2020,0.43149911709867,-1.1061344525772918,270.45908183632736,252.90818363273453,,0.1794493681700332,13952.0,40415.0,,1.002,2.0,253414,54367.0
693,LICI,Mar 2021,0.43044431000095523,-0.03647342505724301,43.201626961069145,0.0005810575246949448,,0.18041772293371186,229049.0,148447.0,7.0,6.884,0.0,4,80602.0
694,LICI,Mar 2022,0.5700616081127022,0.4596424020806903,36.38207796789557,8.819897689186806e-05,,0.17009778190664493,8748.0,12531.0,57.0,0.1793,23.0,1,-3783.0
695,LICI,Mar 2023,4.5877791768838225,4.359645590012082,77.85997015119071,0.0,545.5454545454545,0.17137262036771503,1671.0,52848.0,65.0,0.731,5.0,0,54519.0
696,LICI,Mar 2024,4.836600998148862,3.87474201090824,49.44710986501021,0.0,371.9375,0.15913440945875762,853.0,25269.0,66.0,1.3083,15.0,0,26122.0
697,LODHA,Mar 2016,8.522245120620681,25.772820947993697,17.694437452806444,3.4822552227535866,2.668016194331984,0.26625996578548144,-467.0,854.0,16.0,3.6787,0.0,13835,387.0
698,LODHA,Mar 2017,7.368155437799646,20.36336109008327,14.480535581453013,4.012645673196132,2.9864130434782608,0.23359170080457398,295.0,1174.0,13.0,3.569,0.0,16183,1469.0
699,LODHA,Mar 2018,8.20502221762943,17.381419861527334,15.411490683229815,4.3897515527950315,5.043589743589743,0.2404163871705051,45.0,651.0,10.0,1.301,0.0,22616,696.0
700,LODHA,Mar 2019,13.80700428319476,26.698580666834637,42.80135381411091,6.675605311116897,5.723591549295775,0.23878950746029198,-638.0,175.0,21.0,0.9699,0.0,25641,-463.0
701,LODHA,Mar 2020,5.96319215623242,15.406252511452223,16.300527240773285,4.047231985940246,2.7513513513513512,0.30577740643353896,3954.0,182.0,9.0,1.1495,0.0,18423,3772.0
702,LODHA,Mar 2021,0.8808955771701229,25.380803817214172,1.0437051532941943,3.9558599695586,1.0941901408450705,0.13862318103185103,2944.0,420.0,1.0,1.1614,0.0,18193,2524.0
703,LODHA,Mar 2022,13.08350481966858,23.675944979963177,9.97852304642326,0.9529985131339831,3.6031976744186047,0.24041766482658056,3137.0,1139.0,12.0,2.5116,20.0,11537,1998.0
704,LODHA,Mar 2023,5.174234424498416,21.795142555438225,3.8695411829740185,0.7154702677090736,2.1307053941908713,0.24206328919789377,4539.0,1789.0,5.0,2.6272,14.0,9060,2750.0
705,LODHA,Mar 2024,15.063978286157425,25.833656455990695,8.895758200240426,0.4406663232010991,5.628630705394191,0.21856858341455146,-435.0,2947.0,16.0,1.7574,,7698,2512.0
706,LT,Mar 2013,7.1090747856931715,15.309166151613685,395.1456310679612,0.17475728155339806,2.9980611805256356,31.969931271477662,-11277.0,6922.0,38.0,8.3688,22.0,234,-4355.0
707,LT,Mar 2014,5.743410068897406,16.561243445340608,303.41614906832297,0.06832298136645963,2.374961502925778,31.903225806451612,-12653.0,5510.0,35.0,10.0625,27.0,110,-7143.0
708,LT,Mar 2015,5.401995017894244,17.06099272264465,245.11352418558738,0.10760118460019744,2.3542526837324527,30.869375419744795,-6143.0,4778.0,34.0,12.6625,32.0,218,-1365.0
709,LT,Mar 2016,4.541049425446491,15.314174956982654,216.09411764705882,0.02588235294117647,2.4213654152775765,32.23525661459993,-7867.0,4627.0,31.0,12.5,40.0,55,-3240.0
710,LT,Mar 2017,5.933474824355972,15.20418618266979,206.29770992366412,0.0,2.6484111875823695,24.748019017432647,-3141.0,9796.0,43.0,18.4941,22.0,0,6655.0
711,LT,Mar 2018,6.687666585897746,16.8035560605934,207.3575129533679,0.0,2.7969924812030076,22.42514521266629,-6117.0,3914.0,53.0,22.7059,30.0,0,-10031.0
712,LT,Mar 2019,7.555834935660405,16.910220381600354,208.80850194154914,0.0,2.737659278295321,20.29111644657863,-15779.0,11023.0,63.0,28.7824,28.0,0,-4756.0
713,LT,Mar 2020,7.489756070731238,16.880482908450897,201.59141376757955,0.1687638786084382,2.501406405952273,16.500510493477027,-1714.0,8408.0,68.0,31.7882,26.0,912,6694.0
714,LT,Mar 2021,9.502202545981364,17.252664014296325,176.90306681270536,0.1092552026286966,2.6868936170212767,12.701195591257239,17324.0,5750.0,82.0,40.5778,44.0,798,23074.0
715,LT,Mar 2022,6.656614767347513,15.534017799528499,72.92133258678611,0.018057110862262037,2.8887926367081755,7.608448376433988,15579.0,3585.0,62.0,47.6267,36.0,258,19164.0
716,LT,Mar 2023,6.834805089968965,14.817198553515034,75.52434908389586,0.09287608486017358,3.1823186871360507,7.8080575784676975,14729.0,8048.0,75.0,55.3067,32.0,1541,22777.0
717,LT,Mar 2024,7.031246466738726,13.506668535997433,77.66510140873214,0.10345688880007993,3.5441547518923464,8.027628521638107,20445.0,2179.0,95.0,66.7267,36.0,2071,18266.0
718,LTIM,Mar 2013,14.593612048818489,22.591534666320438,41.97162061239731,0.17475728155339806,42.476190476190474,1.654209621993127,384.0,224.0,174.0,8.3688,54.0,234,608.0
719,LTIM,Mar 2014,20.243902439024392,23.3130081300813,61.86335403726708,0.06832298136645963,44.0,1.8454613653413354,808.0,180.0,309.0,10.0625,55.0,110,628.0
720,LTIM,Mar 2015,15.447971072719968,20.188830855765367,37.95656465942744,0.10760118460019744,110.4,1.671591672263264,539.0,103.0,238.0,12.6625,63.0,218,642.0
721,LTIM,Mar 2016,14.300376325692781,17.584673280875812,39.34117647058824,0.02588235294117647,202.5,1.8635639145680587,818.0,40.0,49.0,12.5,72.0,55,858.0
722,LTIM,Mar 2017,14.936163667128133,18.920166128287956,30.884223918575067,0.0,472.3333333333333,1.4718134480416571,209.0,961.0,57.0,18.4941,29.0,0,1170.0
723,LTIM,Mar 2018,15.22036682179031,16.24692033944703,28.808290155440414,0.0,100.8125,1.3689338579726438,392.0,452.0,65.0,22.7059,33.0,0,844.0
724,LTIM,Mar 2019,16.049121321194157,19.934363751852636,30.983036991620683,0.0,198.63636363636363,1.4174669867947178,646.0,749.0,87.0,28.7824,32.0,0,1395.0
725,LTIM,Mar 2020,13.971872414744002,18.650611269418146,28.127313101406365,0.1687638786084382,28.40963855421687,1.2341463414634146,1001.0,643.0,87.0,31.7882,32.0,912,1644.0
726,LTIM,Mar 2021,15.666936135812449,22.029102667744542,26.533406352683457,0.1092552026286966,37.962025316455694,1.1554268634410612,743.0,1657.0,111.0,40.5778,36.0,798,2400.0
727,LTIM,Mar 2022,15.128882760733847,20.10417863571948,27.645576707726764,0.018057110862262037,48.90243902439025,1.2691522457709508,1608.0,1643.0,225.0,47.6267,41.0,258,3251.0
728,LTIM,Mar 2023,13.289937618660158,18.40701564053883,26.57907425265188,0.09287608486017358,44.43333333333333,1.4131851284016865,2824.0,271.0,149.0,55.3067,40.0,1541,3095.0
729,LTIM,Mar 2024,12.90931103415266,17.982937748120616,22.904386052552702,0.10345688880007993,31.93243243243243,1.2894641301190821,1752.0,3918.0,155.0,66.7267,42.0,2071,5670.0
730,M&M,Mar 2013,6.010801682849781,13.270638929730833,20.685336405991684,1.438354791844096,4.3347845015237265,0.9022999829241701,-3825.0,2903.0,33.0,6.7664,19.0,28711,-922.0
731,M&M,Mar 2014,6.964770746341266,13.743057526249643,22.11352812459776,1.5088599991418887,3.7044685172647256,0.8419825006542343,-4768.0,4524.0,38.0,7.9007,18.0,35167,-244.0
732,M&M,Mar 2015,4.732112865300638,12.306852536110178,13.075762849518505,1.4661793711567468,3.0386442825467217,0.7570568788675087,-3302.0,4357.0,25.0,8.7355,23.0,37911,1055.0
733,M&M,Mar 2016,4.686119645046874,13.293601086483564,13.41537067794051,1.5685112486788464,3.4088479809976246,0.7595341104835156,-3121.0,5506.0,25.0,9.8119,21.0,41553,2385.0
734,M&M,Mar 2017,4.83568691583207,12.814391271650772,13.604002955201826,1.6375176304654442,3.513024403619413,0.7359160187991391,-5692.0,5875.0,30.0,9.5749,22.0,48762,183.0
735,M&M,Mar 2018,8.641170977479531,14.361413338545399,21.63970088375255,1.52,4.412340105342363,0.675329437042143,-4785.0,5467.0,60.0,6.7726,11.0,55898,682.0
736,M&M,Mar 2019,5.745743451647711,14.521442690577821,15.0488957807068,1.771953080059025,3.5616411073491334,0.6468691510850026,-11521.0,7174.0,43.0,7.3498,17.0,70848,-4347.0
737,M&M,Mar 2020,-0.4258311002626622,13.47536547186331,-0.8031224198754034,2.053891766118742,1.8340807174887892,0.4548866735861353,-8327.0,6870.0,1.0,7.2146,205.0,82092,-1457.0
738,M&M,Mar 2021,2.035596004200436,15.464875198578316,3.636188735510557,1.9389399259294888,2.0712881022615535,0.45025701954318414,-1777.0,19686.0,15.0,7.4923,54.0,80625,17909.0
739,M&M,Mar 2022,8.043606037417796,16.28350578345588,15.391634658234832,1.6468603442055896,3.564567556795536,0.5230700512796714,5996.0,3252.0,53.0,8.4754,20.0,77605,9248.0
740,M&M,Mar 2023,9.379148834409454,16.72727572586564,20.178831210304086,1.6365716921548452,4.158833619210978,0.5936323629474797,-15940.0,8866.0,83.0,10.1196,18.0,92247,-7074.0
741,M&M,Mar 2024,8.82238743726542,17.89787025985418,18.537543435564285,1.6414413053331318,3.7646901709401708,0.5925222177725139,-11245.0,5615.0,91.0,11.8833,21.0,108647,-5630.0
742,MARUTI,Mar 2013,5.575117370892019,9.843355001805707,12.980870296405298,0.08245743115408871,26.050505050505052,1.6100592361085875,940.0,3119.0,82.0,12.6013,10.0,1569,4059.0
743,MARUTI,Mar 2014,6.407435678685286,11.92133267477886,13.276888723483438,0.09322664681801265,32.79347826086956,1.4151099250222392,-2.0,4997.0,94.0,14.2358,13.0,2004,4995.0
744,MARUTI,Mar 2015,7.49788389992323,13.566662073581229,15.66329467883872,0.027387120651369355,35.362385321100916,1.4734750703367463,1958.0,4491.0,126.0,16.1046,20.0,666,6449.0
745,MARUTI,Mar 2016,9.54522565073191,15.66965913629339,17.954664227854717,0.0075450744708649075,127.90243902439025,1.347867808828348,1252.0,7230.0,182.0,20.2755,19.0,231,8482.0
746,MARUTI,Mar 2017,11.031798487185137,15.305867665418226,20.258934592043158,0.013054619015509103,144.04494382022472,1.3103348729792148,1109.0,9173.0,249.0,24.553,30.0,484,10282.0
747,MARUTI,Mar 2018,9.874826147426981,15.183751206004336,18.517822317253696,0.002843111915223572,41.2514450867052,1.32467467799761,3486.0,8302.0,261.0,28.1848,31.0,121,11788.0
748,MARUTI,Mar 2019,8.889482734581959,12.845656922433424,16.24692092075087,0.00339760468869447,180.52631578947367,1.345464209226344,3061.0,3540.0,253.0,31.1868,32.0,160,6601.0
749,MARUTI,Mar 2020,7.504625958234206,9.721120803595031,11.490903203610387,0.0037237164308987513,80.33582089552239,1.1890991387439491,2939.0,557.0,188.0,32.7238,32.0,184,3496.0
750,MARUTI,Mar 2021,6.236855567555278,7.689137725231626,8.359840764937811,0.010304565627321384,82.91176470588235,0.985933647164313,1565.0,7291.0,145.0,34.7689,31.0,541,8856.0
751,MARUTI,Mar 2022,4.3926185893807315,6.511943846937621,7.012090434279725,0.007698841559286501,59.94488188976378,1.1831600942991856,1601.0,239.0,128.0,36.6444,47.0,426,1840.0
752,MARUTI,Mar 2023,6.9791402753145855,11.081834304535091,11.077747989276139,0.016729222520107237,61.654761904761905,1.1828461830459713,1995.0,8820.0,274.0,47.5159,34.0,1248,10815.0
753,MARUTI,Mar 2024,9.50809964894472,13.130031439890594,15.750385351954785,0.001389602503619973,117.90721649484536,1.230295566502463,4936.0,11865.0,429.0,54.5452,29.0,119,16801.0
754,MOTHERSON,Mar 2013,1.7867025061269666,5.850264843070598,19.746614242027086,2.142420270860638,7.192,1.9858701624931314,397.0,1089.0,1.0,3.8797,26.0,4904,1486.0
755,MOTHERSON,Mar 2014,3.6068915630959424,7.881238903136713,37.07333558634674,1.6356877323420074,9.210884353741497,1.9951456310679612,1323.0,1372.0,2.0,3.3625,29.0,4840,2695.0
756,MOTHERSON,Mar 2015,3.7275323851014104,8.2051873863997,38.86883273164862,1.5436221419975933,9.61006289308176,1.9891535150645625,546.0,2844.0,2.0,3.7773,31.0,5131,3390.0
757,MOTHERSON,Mar 2016,4.766766981943251,9.533533963886502,40.34569024334774,1.3802592676825107,10.797101449275363,1.8924993643529113,282.0,1906.0,3.0,3.3311,26.0,6069,2188.0
758,MOTHERSON,Mar 2017,5.12554276005286,9.842835567302247,26.25725338491296,1.251088007736944,12.045333333333334,1.3265715001252192,-2345.0,6145.0,3.0,5.9086,18.0,10349,3800.0
759,MOTHERSON,Mar 2018,4.013995701827612,9.10786281370442,22.865236746256574,1.0495750708215297,12.781021897810218,1.5227727592362201,70.0,3194.0,3.0,4.7067,30.0,10374,3264.0
760,MOTHERSON,Mar 2019,3.3027407395746424,8.418997843300852,19.13709750980571,1.0520842834990423,13.430260047281324,1.4857791083875194,994.0,3318.0,3.0,3.4693,29.0,11534,4312.0
761,MOTHERSON,Mar 2020,2.1307777174002536,7.6635544797378525,11.490986590888909,1.166503862889619,8.930860033726812,1.3485444007727667,4132.0,2220.0,2.0,3.5636,40.0,13136,6352.0
762,MOTHERSON,Mar 2021,2.7348788565452327,7.617221544361165,12.491043706711249,0.949765146087095,9.64453125,1.201491130704308,3165.0,1886.0,2.0,3.975,46.0,11930,5051.0
763,MOTHERSON,Mar 2022,1.8534198889829712,7.391727036096214,5.741208470953954,0.6863221293957645,9.740331491712707,1.144420916627786,159.0,2304.0,1.0,4.5549,34.0,14130,2463.0
764,MOTHERSON,Mar 2023,2.119612123673656,7.933949332385643,7.438090147871014,0.6142882593978265,8.093469910371319,1.2846567748247186,2395.0,2248.0,2.0,3.3115,29.0,13792,4643.0
765,MOTHERSON,Mar 2024,3.0600251286831757,9.445547764763102,11.546549416937488,0.7616899254444657,5.224737713970182,1.1724203473591674,925.0,6644.0,4.0,3.8577,20.0,19922,7569.0
766,NAUKRI,Mar 2013,16.101694915254235,25.635593220338983,12.5,0.001644736842105263,48.333333333333336,0.5721212121212121,29.0,46.0,8.0,0.5578,12.0,1,75.0
767,NAUKRI,Mar 2014,10.582010582010582,17.10758377425044,8.928571428571429,0.001488095238095238,48.333333333333336,0.5349056603773585,-123.0,204.0,8.0,0.6165,30.0,1,81.0
768,NAUKRI,Mar 2015,-1.912568306010929,2.8688524590163933,-0.9893992932862191,0.0007067137809187279,27.5,0.3301759133964817,-1000.0,1051.0,2.0,1.1792,150.0,1,51.0
769,NAUKRI,Mar 2016,15.775401069518717,12.165775401069519,7.647440051847052,0.0006480881399870382,67.33333333333333,0.38857142857142857,76.0,2.0,11.0,1.2752,27.0,1,78.0
770,NAUKRI,Mar 2017,-4.842342342342342,-1.0135135135135136,-2.701005025125628,0.000628140703517588,10.25,0.43253774963468095,48.0,165.0,-2.0,1.3157,-230.0,1,213.0
771,NAUKRI,Mar 2018,50.708502024291505,22.16599190283401,24.49877750611247,0.0004889975550122249,124.0,0.38058551617873654,104.0,149.0,42.0,1.6762,13.0,1,253.0
772,NAUKRI,Mar 2019,51.433536055603824,0.7819287576020852,23.27959103421156,0.00039323633503735744,106.57142857142857,0.36092819065537785,217.0,59.0,49.0,2.0844,12.0,1,276.0
773,NAUKRI,Mar 2020,-18.75,-26.676829268292686,-11.207289293849659,0.03507972665148064,-4.571428571428571,0.4535084687175942,447.0,97.0,-19.0,1.7992,-31.0,77,350.0
774,NAUKRI,Mar 2021,125.70921985815602,6.560283687943262,26.278724981467754,0.012045959970348406,150.72727272727272,0.1792752701843611,-1767.0,2043.0,110.0,4.1829,7.0,65,276.0
775,NAUKRI,Mar 2022,810.6985525487728,28.067967275015732,74.71291033522793,0.0037118663728105787,1296.0,0.0775765268759459,-470.0,1177.0,991.0,13.3659,1.0,64,707.0
776,NAUKRI,Mar 2023,-2.9838022165387894,14.83375959079284,-0.522466039707419,0.00806090461262875,12.88888888888889,0.14083323328130629,154.0,358.0,-8.0,10.386,-228.0,108,512.0
777,NAUKRI,Mar 2024,23.462145110410095,28.036277602523658,1.9661621835965897,0.008129006675038002,28.97142857142857,0.07027071960985341,-150.0,852.0,44.0,23.4589,49.0,246,702.0
778,NESTLEIND,Dec 2013,12.27337655202725,21.404241292165697,47.170608108108105,0.5021114864864865,55.270270270270274,1.441400063351283,1355.0,441.0,12.0,2.4667,42.0,1189,1796.0
779,NESTLEIND,Dec 2014,12.02435312024353,20.690005073566716,41.76947479732112,0.007049700387733521,151.85714285714286,1.693298969072165,1212.0,432.0,12.0,2.9552,51.0,20,1644.0
780,NESTLEIND,Dec 2015,6.886850152905198,19.021406727828747,19.985800496982606,0.006389776357827476,388.0,1.343246795925074,1028.0,70.0,6.0,2.9344,83.0,18,1098.0
781,NESTLEIND,Dec 2016,10.95066185318893,20.238485942457064,30.499695307739184,0.010054844606946984,21.86813186813187,1.3422907488986784,1340.0,126.0,10.0,3.4188,61.0,33,1466.0
782,NESTLEIND,Dec 2017,12.237762237762238,20.94905094905095,35.8187134502924,0.01023391812865497,24.717391304347824,1.3595002037213093,1687.0,131.0,13.0,3.5625,68.0,35,1818.0
783,NESTLEIND,Dec 2018,14.231314204746722,23.18455543747786,43.75170160631636,0.00952899537163082,25.6875,1.3961424332344214,2000.0,52.0,17.0,3.826,69.0,35,2052.0
784,NESTLEIND,Dec 2019,15.910744603444094,23.655913978494624,102.60688216892598,0.09854014598540146,24.5968992248062,1.7243831033040569,2378.0,83.0,20.0,1.9979,168.0,189,2295.0
785,NESTLEIND,Dec 2020,15.595505617977528,23.98501872659176,103.12035661218424,0.07280832095096583,20.414634146341463,1.6898734177215189,2133.0,321.0,22.0,2.1031,93.0,147,2454.0
786,NESTLEIND,Dec 2021,14.368089003459739,24.163896614883658,108.83864337101747,0.1366906474820144,17.07920792079208,1.790259897983969,316.0,1920.0,22.0,2.0271,91.0,266,2236.0
787,NESTLEIND,Dec 2022,14.150440906669823,21.932887494821564,97.23464823098821,0.11020740138267589,24.6,1.8818353936964027,2345.0,392.0,25.0,2.5615,89.0,271,2737.0
788,NESTLEIND,Dec 2023,15.680225870542715,23.376555474223572,121.96014640097602,0.11020740138267589,38.54621848739496,2.130081300813008,2465.0,927.0,31.0,2.5615,56.0,271,3392.0
789,NESTLEIND,Mar 2024,16.12281708616873,23.829630236943512,117.75449101796407,0.10329341317365269,41.186206896551724,2.318160220469448,2938.0,1237.0,41.0,3.4792,79.0,345,4175.0
790,NHPC,Mar 2013,45.02429086350102,65.06817113305125,9.64255747608659,0.6826648766571572,9.405891980360066,0.10232356761437437,1516.0,1330.0,2.0,0.2422,28.0,20340,2846.0
791,NHPC,Mar 2014,22.10041954256327,58.76302611990797,5.781349571620761,0.7370601147065071,4.348295926849543,0.1202891236752568,2702.0,1122.0,1.0,0.2551,27.0,20819,3824.0
792,NHPC,Mar 2015,34.03478895511495,62.44982362243036,9.096820339423891,0.669224266857403,5.193672839506172,0.13381405039390584,3293.0,768.0,2.0,0.2778,27.0,20584,4061.0
793,NHPC,Mar 2016,28.309791716542975,57.25401005506344,7.4740068893594165,0.6300919634674336,5.135344827586207,0.13297677602152078,5225.0,746.0,2.0,0.2858,81.0,19938,5971.0
794,NHPC,Mar 2017,40.357184274614404,56.63922068885539,11.993796312252284,0.6626572462519387,6.292144748455428,0.14327014139265953,6465.0,1864.0,3.0,0.2828,61.0,19227,8329.0
795,NHPC,Mar 2018,35.912314635718886,54.77756286266925,9.270663426650245,0.6192203987883226,5.87987012987013,0.12322628827483197,3810.0,886.0,2.0,0.2928,57.0,18602,4696.0
796,NHPC,Mar 2019,31.570744740064566,55.449181787821445,9.208390155204883,0.6190661731281252,7.493303571428571,0.13460904486468667,2642.0,1182.0,3.0,0.3066,56.0,19066,3824.0
797,NHPC,Mar 2020,33.42326139088729,54.416466826538766,10.659316146712978,0.7401293776488959,6.56442417331813,0.1404099499137169,6.0,2987.0,3.0,0.3124,52.0,23226,2993.0
798,NHPC,Mar 2021,37.3134328358209,54.69527363184079,10.891598342056696,0.7068949868393186,11.029462738301559,0.13191861737037847,3463.0,1607.0,3.0,0.329,49.0,23365,5070.0
799,NHPC,Mar 2022,41.272965879265094,43.88670166229222,10.807250651470463,0.7472867329114287,8.522184300341298,0.11831073387848048,1506.0,3084.0,4.0,0.3476,52.0,26096,4590.0
800,NHPC,Mar 2023,40.17158480248892,58.30112190063166,11.5283677389681,0.7992208003030221,14.583157894736843,0.12303534351764855,514.0,4191.0,4.0,0.368,48.0,29540,4705.0
801,NHPC,Mar 2024,41.81893687707641,49.90656146179402,10.407730866621879,0.8413260296625498,11.243421052631579,0.10324018993108032,970.0,5968.0,4.0,0.3853,53.0,32561,6938.0
802,NTPC,Mar 2013,17.598366844710423,25.376828211079726,15.492368291482029,0.8668020679468242,9.203532717784022,0.4000425112990558,-337.0,16845.0,13.0,0.9853,38.0,70419,16508.0
803,NTPC,Mar 2014,14.557640750670242,25.184475935146178,13.057518121128147,0.9327371205441491,6.901317805700276,0.3914190627529757,1022.0,15509.0,12.0,1.0592,42.0,81455,16531.0
804,NTPC,Mar 2015,12.496716985379642,21.70166464474655,12.171413257972569,1.2455477866835578,5.366584900517852,0.3639173099330032,-1088.0,15977.0,10.0,0.9957,21.0,102252,14889.0
805,NTPC,Mar 2016,14.688811379366722,25.298381383181646,11.772863772863772,1.0857111657111658,5.869281045751634,0.32669085082233545,4963.0,19162.0,11.0,1.1107,26.0,99424,24125.0
806,NTPC,Mar 2017,13.059164818020038,26.32554057677775,10.950755330239783,1.1628712770089331,6.179056754596323,0.33001476261157436,-4313.0,24480.0,11.0,1.1866,37.0,113773,20167.0
807,NTPC,Mar 2018,11.922845497996208,25.52705970505092,10.140687311105317,1.2557477091239149,6.31009669440072,0.3118070600229387,-1008.0,20678.0,11.0,1.2561,40.0,130049,19670.0
808,NTPC,Mar 2019,13.993837685841633,22.645008824673187,12.602710202322262,1.5540828147310004,4.554504906333631,0.2890756738526993,-5377.0,24063.0,14.0,1.1254,44.0,173058,18686.0
809,NTPC,Mar 2020,10.872981071402469,28.855148724694878,10.015146415348369,1.7080444294850219,4.859567712785444,0.28991786931660174,-5738.0,29628.0,12.0,1.201,27.0,202984,23890.0
810,NTPC,Mar 2021,13.421380602702387,30.524248863544667,11.904818711775981,1.6717804340737559,4.235147441457069,0.2802131540467612,11410.0,21034.0,15.0,1.2967,41.0,210208,32444.0
811,NTPC,Mar 2022,12.7836947591374,30.42308301110282,12.528255056362376,1.5564805649533884,4.817726109215017,0.3190454776098944,18897.0,22891.0,17.0,1.396,41.0,210707,41788.0
812,NTPC,Mar 2023,9.716413082340656,27.011412713456334,11.645116750440407,1.5161777408976826,4.381672053813226,0.39403250079943825,21007.0,26145.0,17.0,1.5162,42.0,222913,47152.0
813,NTPC,Mar 2024,11.950633329785267,28.82672926202094,13.273598407068633,1.475521125007778,4.604991464108609,0.37243729109201756,8644.0,32141.0,21.0,1.6573,36.0,237131,40785.0
814,ONGC,Mar 2013,14.812574081390755,26.855121493480837,15.730882198678275,0.1356210007342914,101.21694214876032,0.6391817665256645,-1346.0,41220.0,19.0,3.5654,34.0,20686,39874.0
815,ONGC,Mar 2014,15.314063208917936,28.216010705199256,15.489218829871277,0.285288582183187,90.22435897435898,0.5357964895869234,-10363.0,63633.0,21.0,4.0241,31.0,49113,53270.0
816,ONGC,Mar 2015,11.000913480360172,26.293320407896942,9.810201989415644,0.2989332520572996,16.85300279329609,0.47631916222432047,3892.0,30058.0,14.0,4.2182,44.0,53944,33950.0
817,ONGC,Mar 2016,10.563062336740945,31.55132380921668,6.623393693065202,0.23001405360591262,10.674986723313861,0.36292030944606346,8036.0,38256.0,10.0,4.624,56.0,45500,46292.0
818,ONGC,Mar 2017,10.325090440557014,18.691284432897,15.005710287777926,0.41170145998168595,18.247841826789195,0.6355233113998088,1965.0,43815.0,19.0,3.0292,40.0,80029,45780.0
819,ONGC,Mar 2018,8.077940912161534,17.628739471841243,12.777241335365824,0.5222552801454766,13.46629325865173,0.7027079994425476,-10006.0,66798.0,17.0,3.1794,38.0,106550,56792.0
820,ONGC,Mar 2019,8.049352029296244,17.745431948845418,15.644389537831781,0.4966579697050716,14.457084118554052,0.8563623327639471,24326.0,37132.0,24.0,3.4489,29.0,107742,61458.0
821,ONGC,Mar 2020,2.8876207376338447,13.13368353128592,5.585459084171932,0.6312553631328497,7.088663372946989,0.7804014446341597,17434.0,53159.0,9.0,3.2608,58.0,129473,70593.0
822,ONGC,Mar 2021,7.029807568891126,16.28210064867747,9.665989383702671,0.6027079251157339,11.959834613112818,0.5608677835451169,8044.0,39141.0,13.0,3.5132,28.0,133187,47185.0
823,ONGC,Mar 2022,10.03448374134344,16.259470815029538,18.995541477362497,0.4700754904567577,15.216116573033707,0.8422418818365738,37051.0,41197.0,36.0,4.1256,29.0,121986,78248.0
824,ONGC,Mar 2023,5.184005465837723,11.944974703103476,11.679440720905623,0.5068823112308345,9.569907466092026,1.0312763510923726,11372.0,74690.0,28.0,4.4618,40.0,142255,86062.0
825,ONGC,Mar 2024,9.655290194725701,17.388518015001793,16.940398136885513,0.45444863084819176,11.361290955463998,0.8332173339682772,42060.0,57203.0,39.0,5.3588,31.0,153181,99263.0
826,PFC,Mar 2013,25.63243617881483,34.578953448076696,18.741554054054056,5.889907094594594,0.5456116416552979,0.10225004429221048,-25080.0,22.0,13.0,1.7939,21.0,139473,-25102.0
827,PFC,Mar 2014,25.515018451908254,35.53510533937497,19.845941428675243,5.785008356950803,0.5845399525013407,0.11016364759160148,-22464.0,9.0,17.0,2.085,22.0,159215,-22473.0
828,PFC,Mar 2015,24.027533215943652,33.73219145189691,18.52457498997254,5.794174817191694,0.546972049689441,0.10915985182078702,-21946.0,491.0,18.0,2.4554,20.0,187795,-21455.0
829,PFC,Mar 2016,22.19590108036323,32.88467750619145,17.164427667369825,5.569557011213501,0.5515398931380201,0.11269719278375535,-15271.0,1973.0,19.0,2.7294,30.0,200660,-13298.0
830,PFC,Mar 2017,8.107030201950618,19.125484935281534,6.068666033383091,5.5093771203691135,0.3163764312977099,0.10627001159757568,1128.0,667.0,7.0,1.3956,59.0,202993,1795.0
831,PFC,Mar 2018,18.091888779203686,24.169134583744654,22.08414921925993,11.074735150876135,0.38938228399749086,0.09305476612870815,-55739.0,1409.0,20.0,1.5089,31.0,441151,-57148.0
832,PFC,Mar 2019,23.361549550881602,32.866964846782246,26.824558052672902,11.448993017975,0.5162734282496317,0.08603699657639349,-93715.0,13463.0,30.0,1.7849,0.0,539488,-80252.0
833,PFC,Mar 2020,15.23902941034588,22.53131582755793,19.18421052631579,12.076133603238866,0.3456236993512058,0.08954228885807629,-42221.0,73.0,22.0,1.8712,35.0,596561,-42148.0
834,PFC,Mar 2021,21.932566707602994,27.731104164340735,25.86272154294272,10.855925090921058,0.4457300152179751,0.09237508492252874,-57402.0,1741.0,36.0,2.3018,22.0,659682,-59143.0
835,PFC,Mar 2022,24.60989745876059,30.602396999816424,26.18449690272895,9.214744126346336,0.523764790087007,0.09641213653603034,4357.0,547.0,42.0,2.715,23.0,660476,4904.0
836,PFC,Mar 2023,27.263014262911284,34.11384583698059,25.165759642577058,8.925568573397657,0.564646829870047,0.08669005660006784,-76411.0,1694.0,48.0,3.1878,22.0,751158,-74717.0
837,PFC,Mar 2024,28.916597455960137,36.68859553263103,26.1609340860332,8.521864217426122,0.5804147544943239,0.0880835748601615,-101229.0,3409.0,60.0,3.0651,23.0,861961,-97820.0
838,PIDILITIND,Mar 2013,11.52800435019032,15.171288743882544,25.681405208964264,0.06723198061780739,41.5625,1.4059633027522935,328.0,144.0,8.0,3.2373,31.0,111,472.0
839,PIDILITIND,Mar 2014,10.506654214335747,15.689936960074713,23.05327868852459,0.0235655737704918,44.375,1.462773224043716,295.0,99.0,9.0,3.8275,31.0,46,394.0
840,PIDILITIND,Mar 2015,10.611065235342693,15.91659785301404,22.643171806167402,0.02555066079295154,50.6875,1.461236802413273,116.0,436.0,10.0,4.451,29.0,58,552.0
841,PIDILITIND,Mar 2016,15.05316172355904,21.88024622271964,30.591357088703564,0.030326004548900682,96.46153846153847,1.4434571890145396,416.0,491.0,16.0,5.1725,26.0,80,907.0
842,PIDILITIND,Mar 2017,15.364073348762686,22.467509346626315,24.863151829443964,0.028233938346297897,98.35714285714286,1.1775681341719078,-85.0,879.0,17.0,6.8059,28.0,98,794.0
843,PIDILITIND,Mar 2018,15.893385982230997,22.063178677196447,27.028539451594852,0.03497481813094572,93.375,1.169070975187536,835.0,39.0,19.0,7.0078,32.0,125,796.0
844,PIDILITIND,Mar 2019,13.111048318734106,19.369878496750495,22.372227579556416,0.027242044358727097,57.73076923076923,1.1988482384823849,332.0,513.0,18.0,8.1333,36.0,113,845.0
845,PIDILITIND,Mar 2020,15.382506169454347,21.606800109679188,25.179533213644522,0.06463195691202872,49.205882352941174,1.11819714855128,1383.0,103.0,22.0,8.7373,32.0,288,1280.0
846,PIDILITIND,Mar 2021,15.439462498286026,23.118058412176058,20.132308242445916,0.059181119256213124,47.567567567567565,0.827433628318584,-296.0,1688.0,22.0,10.9667,38.0,331,1392.0
847,PIDILITIND,Mar 2022,12.166112287067836,18.707791553270837,18.847595252966894,0.06495940037476577,45.11904761904762,1.044975774173162,397.0,558.0,24.0,12.5569,42.0,416,955.0
848,PIDILITIND,Mar 2023,10.924654631748453,16.831934909738113,17.872989462007766,0.05421519689406545,42.520833333333336,1.1231794383626845,659.0,899.0,25.0,14.1412,44.0,391,1558.0
849,PIDILITIND,Mar 2024,14.108051360736493,21.868690947266415,20.780302129178065,0.045438325205186154,54.333333333333336,1.0254223252732693,955.0,1769.0,34.0,16.4843,47.0,382,2724.0
854,PNB,Mar 2013,11.655174014998492,,812.2977346278317,10.833333333333334,,5.626518615284128,-1292.0,600.0,28.0,1.236,19.0,6695,-692.0
859,PNB,Mar 2014,8.172071711375061,,393.3618843683083,10.822269807280515,,3.895840554592721,16604.0,302.0,20.0,1.4152,10.0,10108,16906.0
864,PNB,Mar 2015,7.236707041675221,,223.2425585813806,10.437618746041798,,2.5589703178355663,3942.0,872.0,18.0,1.5183,18.0,16481,4814.0
869,PNB,Mar 2016,-6.908904810644831,,-163.56011183597388,12.122087604846225,,1.7122442789255503,12815.0,1352.0,-19.0,1.6898,-2.0,26014,14167.0
874,PNB,Mar 2017,2.578134753839111,,22.212262459662963,6.3637504481893155,,1.1186685288640597,22097.0,159.0,6.0,3.3602,0.0,35497,21938.0
879,PNB,Mar 2018,-24.855823499230375,,-184.36596133353632,8.186481960724615,,0.7731917864737059,-1350.0,392.0,-44.0,3.9335,0.0,53777,-1742.0
884,PNB,Mar 2019,-18.31361343893225,,-128.4465366509751,9.664963012777404,,0.6226507462686567,-34161.0,629.0,-21.0,4.4521,0.0,71859,-33532.0
889,PNB,Mar 2020,0.883134855602899,,6.1029319239964765,8.523467975336604,,0.6962750716332379,-13131.0,338.0,1.0,4.7304,0.0,67736,-12793.0
894,PNB,Mar 2021,3.289192652712516,,30.393594225780983,6.69831961204466,,1.1486268627423493,30163.0,787.0,2.0,5.278,0.0,59394,30950.0
899,PNB,Mar 2022,5.125783688780462,,39.87348229772472,5.403632282420161,,1.161358131883197,18828.0,1204.0,4.0,5.7994,18.0,52961,20032.0
904,PNB,Mar 2023,3.8678104669238302,,30.667397060166163,4.895553729571807,,1.299977546590824,21860.0,732.0,3.0,6.4811,21.0,53621,22592.0
909,PNB,Mar 2024,8.395910695456838,,61.320565191187306,3.684256345007701,,1.5070262950629396,-29445.0,1506.0,8.0,5.7435,18.0,55017,-27939.0
911,POWERGRID,Mar 2013,32.97148536044645,82.84534821496827,16.3352649320153,2.6221641480134834,4.541362062331666,0.11536901150074085,-10394.0,22084.0,5.0,0.5703,31.0,69233,11690.0
913,POWERGRID,Mar 2014,29.238187078109934,83.36226293796207,13.107383710876707,2.427229235114416,4.207744314689613,0.1099448685326548,-11416.0,26639.0,5.0,0.6632,30.0,84220,15223.0
915,POWERGRID,Mar 2015,28.76852907639681,85.10262257696694,13.127292593459766,2.503785218137829,3.836804704729233,0.10909045676186685,-8385.0,24185.0,5.0,0.7347,21.0,96243,15800.0
917,POWERGRID,Mar 2016,28.854348247143136,88.04958357544064,13.552422105981352,2.468614964748692,3.7042862760519073,0.11517355224413313,-6568.0,21576.0,6.0,0.8404,20.0,108545,15008.0
919,POWERGRID,Mar 2017,28.995602599525238,87.36428376853328,14.94204467974171,2.386154895118919,3.7690199871050933,0.13133362635565413,-2261.0,23836.0,8.0,0.9531,31.0,118988,21575.0
921,POWERGRID,Mar 2018,27.388662616011217,86.66955999198771,15.073678021533826,2.416179767023114,4.099672310212998,0.13291976179699494,-2991.0,25701.0,9.0,1.0403,33.0,131503,22710.0
923,POWERGRID,Mar 2019,28.62032573661542,76.78484839841411,16.981164006837144,2.477212340706392,3.253405058944718,0.14172123858032176,4544.0,18727.0,11.0,1.1294,43.0,146376,23271.0
925,POWERGRID,Mar 2020,29.300021195421788,87.12908011869436,17.0937925064919,2.2917954742178805,3.75496897675886,0.14705206275738203,20006.0,10733.0,12.0,1.2365,47.0,148270,30739.0
927,POWERGRID,Mar 2021,30.363269424823407,88.05751765893038,17.210020590253947,2.0480439258750858,4.385371850030731,0.15502057033804184,20159.0,9244.0,13.0,1.3367,52.0,143232,29403.0
929,POWERGRID,Mar 2022,40.420931238287444,86.07467204843591,22.065130431361236,1.7665744226002336,5.042060726729717,0.16585774058577407,26877.0,753.0,18.0,1.0931,61.0,134696,26124.0
931,POWERGRID,Mar 2023,33.81356489704624,86.78376422603776,18.57249536289837,1.5487196781731023,4.22140336308906,0.1808028545941124,33065.0,7138.0,17.0,1.1903,67.0,128584,40203.0
933,POWERGRID,Mar 2024,33.97028990249329,86.87476823070044,17.870011245496066,1.4173456039290386,4.60298643565485,0.18276594811604718,24176.0,13114.0,17.0,0.937,67.0,123516,37290.0
934,RECLTD,Mar 2013,28.113539680211236,97.33020390200969,21.86537364517969,6.147290359383914,1.6422120499814425,0.10441908554798192,-19907.0,152.0,15.0,1.7761,21.0,107762,-20059.0
935,RECLTD,Mar 2014,27.527143935435173,96.67305347500435,22.789982214103734,6.065134836321684,1.6597907324364722,0.1126098441259546,-17108.0,136.0,18.0,2.1077,20.0,126173,-17244.0
936,RECLTD,Mar 2015,26.012461059190027,94.4071261682243,21.31461391193363,6.021817166560306,1.638597972972973,0.1119832548403977,-23747.0,151.0,20.0,2.5402,20.0,150979,-23898.0
937,RECLTD,Mar 2016,23.589637305699483,93.03626943005182,19.69681237670024,5.856505035821825,1.5718386780562947,0.11657686825001812,-14034.0,756.0,22.0,2.9274,30.0,169212,-13278.0
938,RECLTD,Mar 2017,25.938861040348428,92.2425836141014,18.749071901636423,4.9850613287398655,1.6694399049175457,0.11576018454660039,6704.0,101.0,24.0,1.7049,30.0,167852,6805.0
939,RECLTD,Mar 2018,19.644275752493602,85.08694500838556,13.658401865717442,6.271234810359641,1.4473111827795695,0.09348516730618475,-32464.0,46.0,17.0,1.65,41.0,204367,-32510.0
940,RECLTD,Mar 2019,22.59524559193955,93.29738664987406,16.618421814392402,7.0702541538817805,1.5178719866999169,0.08513204714964451,-35409.0,457.0,22.0,1.7492,38.0,244249,-35866.0
941,RECLTD,Mar 2020,16.605437178545188,86.70429497027587,14.046388111986891,8.087945306099387,1.3708072244747511,0.08628072500936518,-32591.0,121.0,19.0,1.7923,44.0,286289,-32712.0
942,RECLTD,Mar 2021,23.562167786933657,90.74162612143881,19.143588337446303,7.534114797550498,1.5021638978081808,0.08870024222497735,-42651.0,861.0,32.0,2.2159,30.0,329723,-43512.0
943,RECLTD,Mar 2022,25.55250025460841,87.68204501476728,19.558015356432943,6.490295046186226,1.5645548954695931,0.09559460643528209,-1106.0,287.0,38.0,2.5982,30.0,333043,-819.0
944,RECLTD,Mar 2023,28.28090968951021,95.29453477181787,19.213695801789402,6.551789401238816,1.5866514979142965,0.08482437277525601,-38303.0,943.0,42.0,2.2074,30.0,380790,-37360.0
945,RECLTD,Mar 2024,29.7682934528695,100.7702506471368,20.39653929343908,6.4249170872386445,1.6004741552023507,0.08667964267928514,-59554.0,1831.0,54.0,2.6339,30.0,445568,-57723.0
946,RELIANCE,Mar 2013,5.274815194579209,8.373383978563329,11.472357254675785,0.5889374090247452,11.814034074501876,1.0927262340730275,9317.0,27601.0,15.0,6.2008,13.0,107219,36918.0
947,RELIANCE,Mar 2014,5.2011321250873666,8.058433155487277,11.348502921680835,0.698389929889726,11.418143899895725,1.0109084210305403,-29809.0,73070.0,16.0,6.7581,12.0,138761,43261.0
948,RELIANCE,Mar 2015,6.314574807945039,10.003151945124102,10.81927148408002,0.7700309841234971,13.865199034981906,0.7420860043688031,-30332.0,64706.0,17.0,7.4244,12.0,168251,34374.0
949,RELIANCE,Mar 2016,10.954828437576811,15.327808410649233,12.895800583876039,0.8408937794745116,14.628285017610404,0.45506571819224473,1948.0,36186.0,22.0,7.8547,10.0,194714,38134.0
950,RELIANCE,Mar 2017,9.81497200234246,15.234871066016566,11.31284863239404,0.8246779594173881,14.426864120550793,0.43004122795351457,-16651.0,66201.0,22.0,8.9121,11.0,217475,49550.0
951,RELIANCE,Mar 2018,9.231800584919515,16.456298631349743,12.292764032081116,0.8171655775350418,9.21311475409836,0.48174042523293636,3267.0,68192.0,27.0,4.9562,10.0,239843,71459.0
952,RELIANCE,Mar 2019,7.00939759332931,14.823951282425742,10.290820227737708,0.7948965674016822,5.617217338587451,0.569687158565801,-52161.0,94507.0,29.0,6.5324,10.0,307714,42346.0
953,RELIANCE,Mar 2020,6.683660728800578,14.960472884080051,8.878677370949715,0.7906497820404929,4.441639805693013,0.5130449736245878,22380.0,72497.0,29.0,7.0858,10.0,355133,94877.0
954,RELIANCE,Mar 2021,11.524382005845935,17.32549586431257,7.675114114817502,0.398419245556806,4.871489924017179,0.35324548412388784,-115427.0,142385.0,39.0,10.8638,9.0,278962,26958.0
955,RELIANCE,Mar 2022,9.76646566082171,15.630519683361813,8.703823678454365,0.40944726325715053,8.789152495885903,0.4635411731577409,1492.0,109162.0,45.0,11.5223,9.0,319158,110654.0
956,RELIANCE,Mar 2023,8.45371270521545,16.239006111392566,10.349336194179966,0.6309284341334763,7.886055899034285,0.5457412188442239,22031.0,93001.0,49.0,10.5804,9.0,451664,115032.0
957,RELIANCE,Mar 2024,8.789365557299389,18.07459281612296,9.958650553699458,0.5784524141094746,7.728912535686478,0.5122600635424216,45207.0,113581.0,51.0,11.7275,10.0,458991,158788.0
958,SBILIFE,Mar 2013,4.236718224613315,2.8715534633490245,23.026315789473685,0.0,179.75,0.276836578917973,903.0,227.0,6.0,0.2736,8.0,0,1130.0
959,SBILIFE,Mar 2014,4.218333526480473,2.9609456483949472,21.69249106078665,0.0,171.0,0.2845976253298153,-542.0,708.0,7.0,0.3356,14.0,0,166.0
960,SBILIFE,Mar 2015,3.4830548314030514,3.3933074062994146,20.09368836291913,0.0,244.25,0.31568651259427155,2533.0,178.0,8.0,0.4056,15.0,0,2711.0
961,SBILIFE,Mar 2016,4.367625750362244,4.760919064375906,17.832241707162478,0.0,209.8,0.23162209783168922,-1426.0,7204.0,8.0,0.4733,14.0,0,5778.0
962,SBILIFE,Mar 2017,3.1262275762734055,3.496137226659683,17.201008645533143,0.0,241.4,0.2987871674491393,-507.0,9032.0,10.0,0.5552,16.0,0,8525.0
963,SBILIFE,Mar 2018,3.3756017377010687,3.9098274040154988,17.61642156862745,0.0,248.0,0.2798882681564246,1485.0,8910.0,12.0,0.6528,17.0,0,10395.0
964,SBILIFE,Mar 2019,2.9750695004932295,3.304636355483813,17.51583949313622,0.0,217.5,0.30397862799351205,-79.0,13552.0,13.0,0.7576,15.0,0,13473.0
965,SBILIFE,Mar 2020,3.246723594684689,3.0846157358783506,16.264440123527393,0.0,,0.26451262229737893,2313.0,16986.0,14.0,0.8743,0.0,0,19299.0
966,SBILIFE,Mar 2021,1.7774956356133946,1.0645440894607694,14.000000000000002,0.0,,0.36112066305162455,4675.0,19203.0,15.0,1.04,17.0,0,23878.0
967,SBILIFE,Mar 2022,1.8148295434004555,0.8796982514490921,12.958182756840475,0.0,,0.3035922688841979,241.0,21611.0,15.0,1.1622,13.0,0,21852.0
968,SBILIFE,Mar 2023,2.1342824544868297,0.15129718736048417,13.220156706099248,0.0,198.4,0.2563135928594814,-1547.0,30203.0,17.0,1.3005,15.0,0,28656.0
969,SBILIFE,Mar 2024,1.4349789374791648,0.18638058005273206,12.704588140595655,0.0,240.33333333333334,0.33137919000549837,-2099.0,31221.0,19.0,1.4893,14.0,0,29122.0
970,SHREECEM,Jun 2013,18.530823181985973,28.811369509043928,26.11862643080125,0.3350676378772112,9.05699481865285,0.8795454545454545,990.0,270.0,288.0,10.9829,7.0,1288,1260.0
971,SHREECEM,Jun 2014,13.770778652668417,24.32195975503062,16.705582678836763,0.25472298874973465,11.581395348837209,0.7797789602947196,167.0,1234.0,226.0,13.46,10.0,1200,1401.0
972,SHREECEM,Jun 2015,6.806199073334398,21.47307876657613,8.074298711144806,0.17380591357088704,11.950413223140496,0.7825706426606651,249.0,990.0,122.0,15.0743,20.0,917,1239.0
973,SHREECEM,Mar 2017,15.580637654177332,29.24133116127531,17.394128345024683,0.16796570537802027,22.286821705426355,0.769657890023285,154.0,2048.0,384.0,21.9943,36.0,1293,2202.0
974,SHREECEM,Mar 2018,14.075053391640393,25.15000508491813,15.55580532763853,0.3824884792626728,21.2,0.649385814291375,-1716.0,3595.0,397.0,25.42,13.0,3403,1879.0
975,SHREECEM,Mar 2019,8.084428514536041,22.277976901632815,10.495295212490953,0.2898355909419915,11.556451612903226,0.810365971729168,1360.0,720.0,289.0,27.6314,21.0,2803,2080.0
976,SHREECEM,Mar 2020,11.998756605533105,29.305253341622628,11.72450451818665,0.2388943731490622,13.862542955326461,0.6452065784195748,-1617.0,5590.0,426.0,36.5806,26.0,3146,3973.0
977,SHREECEM,Mar 2021,17.234513274336283,30.169616519174042,15.17828148340586,0.14483340910566994,17.99601593625498,0.6303165527820388,1603.0,2651.0,646.0,42.7694,9.0,2230,4254.0
978,SHREECEM,Mar 2022,8.454363757495004,24.716855429713526,7.268041237113403,0.12193585337915235,16.174904942965778,0.6320266116468062,525.0,2143.0,352.0,48.5,14.0,2129,2668.0
979,SHREECEM,Mar 2023,13.270221823885278,16.580775263275825,12.711955355226442,0.14622236531444516,13.0,0.6779068884332042,164.0,2405.0,664.0,51.7667,28.0,2725,2569.0
980,SHREECEM,Mar 2024,8.445007553238145,22.01647093221578,8.370767521615225,0.07998840747717723,19.825581395348838,0.7348612354521038,1929.0,1418.0,480.0,57.5083,16.0,1656,3347.0
981,SHRIRAMFIN,Mar 2013,20.873163076045085,31.088600370951635,19.937312619242302,4.549741073862088,0.7069857697283312,0.1482633159876465,-8400.0,41.0,12.0,3.2326,11.0,33386,-8359.0
982,SHRIRAMFIN,Mar 2014,16.021708352996697,23.58423784804153,15.957696827262044,4.539365452408931,0.47318686510748875,0.16196590995948942,-4167.0,112.0,11.0,3.7489,12.0,38630,-4055.0
983,SHRIRAMFIN,Mar 2015,11.201917838073443,18.426501035196686,11.094323332613858,5.039391323116771,0.3597535061623459,0.14764938700646782,-9656.0,45.0,8.0,4.0819,22.0,46695,-9611.0
984,SHRIRAMFIN,Mar 2016,11.429674679023073,17.607877208224732,11.635220125786164,4.892885220125786,0.3590801886792453,0.15230911737461955,-5543.0,36.0,9.0,4.4828,19.0,49790,-5507.0
985,SHRIRAMFIN,Mar 2017,11.611483078051913,18.08676511052004,11.17190257677374,4.684080480056477,0.37804177045410997,0.1464551486983854,-2679.0,2.0,10.0,4.9921,7.0,53080,-2677.0
986,SHRIRAMFIN,Mar 2018,18.878684639312695,28.181010220708043,18.619430241051862,5.999342585829072,0.6135122484006865,0.1386811832374692,-13056.0,86.0,20.0,6.0308,10.0,82131,-13142.0
987,SHRIRAMFIN,Mar 2019,16.580844490216272,24.465756951596294,16.13731754682704,5.507360771784752,0.5051560021152829,0.14737381306975023,-5611.0,76.0,20.0,7.0322,11.0,87914,-5535.0
988,SHRIRAMFIN,Mar 2020,15.168166173540246,21.526477869693856,13.84632344835189,5.221860875316944,0.4305304944063515,0.14493375107205994,-2519.0,55.0,20.0,7.9921,5.0,94735,-2464.0
989,SHRIRAMFIN,Mar 2021,14.343932958328551,19.527034783606933,11.50711424229866,4.906110420407975,0.37583892617449666,0.13410822877376646,-4264.0,25.0,18.0,8.5838,18.0,106546,-4239.0
990,SHRIRAMFIN,Mar 2022,14.131394443001819,19.03921059465074,10.427284920482851,4.401073002490898,0.3769569221324056,0.13534315517192905,-8893.0,34.0,20.0,9.6292,20.0,114846,-8859.0
991,SHRIRAMFIN,Mar 2023,19.742883379247015,28.856749311294767,13.835263835263836,3.7737175951461666,0.6787556787556788,0.14480488951574988,-12549.0,5076.0,32.0,11.6342,22.0,164202,-17625.0
992,SHRIRAMFIN,Mar 2024,20.333626470264925,28.918874354182698,15.116350338120824,3.994034363699512,0.6766743648960739,0.14656859980827017,-31359.0,258.0,39.0,13.0178,23.0,195496,-31101.0
993,SIEMENS,Sep 2011,7.26056043496445,9.795064826432455,22.746331236897273,0.0,56.53846153846154,1.1769049025398701,267.0,264.0,,5.6118,24.0,0,3.0
994,SIEMENS,Sep 2014,5.6471249297621275,1.1144409065368046,13.782857142857145,0.0,35.61290322580645,1.037706511175899,738.0,130.0,17.0,6.162,35.0,0,608.0
995,SIEMENS,Sep 2015,11.114266780270757,9.448073463978037,22.94313074066836,0.004885675200312683,64.7,0.9987708018154312,1220.0,646.0,33.0,7.207,30.0,25,574.0
996,SIEMENS,Sep 2016,26.889360524130296,9.421426594075852,42.83404380420402,0.003674849331177422,379.72727272727275,0.9041381611880527,750.0,237.0,82.0,9.5817,41.0,25,513.0
997,SIEMENS,Sep 2017,10.275643922277451,9.543605964753727,14.785435630689205,0.0,234.25,0.8422134267011722,1894.0,1321.0,32.0,10.831,22.0,0,573.0
998,SIEMENS,Sep 2018,7.041813208284486,10.371238765142634,10.85672972647307,0.0,200.875,0.8925083705357143,-74.0,174.0,25.0,11.6887,28.0,0,100.0
999,SIEMENS,Sep 2019,8.399571996331396,11.38795475389789,12.144988396507902,0.0,157.33333333333334,0.8519338455528064,138.0,1135.0,31.0,12.7451,23.0,0,1273.0
1000,SIEMENS,Sep 2020,7.7317514578725115,10.08445606273879,8.1015592077539,0.0,43.93333333333333,0.6271122320302648,1591.0,871.0,22.0,13.369,32.0,0,720.0
1001,SIEMENS,Sep 2021,8.25125018942264,11.001666919230187,10.52478979414323,0.0003865854837150865,73.875,0.7326117124618373,-967.0,2389.0,31.0,14.5732,26.0,4,1422.0
1002,SIEMENS,Sep 2022,9.561283926137069,11.525591770975337,13.290267011197244,0.015676141257536608,65.19444444444444,0.8025262320354071,944.0,34.0,43.0,16.3521,23.0,182,978.0
1003,SIEMENS,Sep 2023,10.03375268487266,12.718625345197914,14.991976770841292,0.01337204859784519,129.69565217391303,0.9033539684006283,641.0,759.0,55.0,18.4324,18.0,175,1400.0
1004,SIEMENS,Sep 2024,12.221223021582734,13.956834532374101,17.698769290877124,0.018167610861496385,67.15,0.8790861298865568,1168.0,502.0,76.0,21.6296,16.0,279,1670.0
1005,SUNPHARMA,Mar 2013,31.165214266463032,42.979067469230074,23.142094729819878,0.01734489659773182,109.16279069767442,0.5462531285272612,982.0,2375.0,14.0,14.4135,9.0,260,3357.0
1006,SUNPHARMA,Mar 2014,24.12313432835821,43.55099502487562,20.939271255060728,0.13824561403508773,114.43181818181819,0.5526722804605603,1783.0,2176.0,15.0,8.9493,10.0,2561,3959.0
1007,SUNPHARMA,Mar 2015,19.99123831775701,28.818633177570092,21.358920352601608,0.35088540447772837,14.122625215889464,0.5621985509923445,4114.0,1502.0,22.0,12.3855,14.0,8996,5616.0
1008,SUNPHARMA,Mar 2016,19.861691297784954,28.693790149892934,17.154291604766094,0.25761756056150137,15.548757170172085,0.5139460200620625,2737.0,3949.0,19.0,13.6859,5.0,8497,6686.0
1009,SUNPHARMA,Mar 2017,24.846412059028438,31.99062638545823,21.413755458515286,0.2683406113537118,26.78,0.5168671740731647,2896.0,4186.0,29.0,15.2667,12.0,9832,7082.0
1010,SUNPHARMA,Mar 2018,9.596436256559326,21.257880629695343,6.634650519392389,0.2710497468288354,10.61003861003861,0.4119787859464672,803.0,3104.0,9.0,15.9642,23.0,10385,3907.0
1011,SUNPHARMA,Mar 2019,11.036950388770386,21.939723388151105,7.747108116593012,0.25390615566664254,11.025225225225226,0.4500077411363988,1886.0,310.0,11.0,17.2538,25.0,10514,2196.0
1012,SUNPHARMA,Mar 2020,12.704793227358548,21.264997868323285,9.216834198608197,0.18369601237158953,24.306930693069308,0.48153796521688125,4330.0,2225.0,16.0,18.8604,25.0,8315,6555.0
1013,SUNPHARMA,Mar 2021,6.782494477282226,25.285091647262526,4.889912403417773,0.08327055936982115,35.60992907801418,0.4953713288574724,6577.0,407.0,12.0,19.3596,62.0,3869,6170.0
1014,SUNPHARMA,Mar 2022,8.767527293423708,26.538003828840484,7.0587990252233865,0.02686884255691404,53.173228346456696,0.5539727126805778,3429.0,5556.0,14.0,20.0046,73.0,1290,8985.0
1015,SUNPHARMA,Mar 2023,19.39798569019733,26.546051132479608,15.20314313778016,0.12297526564871863,70.40116279069767,0.5437357518089008,-2261.0,7220.0,35.0,23.3313,33.0,6886,4959.0
1016,SUNPHARMA,Mar 2024,19.815658700538176,26.84289749881436,15.094161810671148,0.051423814535002436,58.331932773109244,0.5684929901064378,11372.0,763.0,40.0,26.5279,34.0,3274,12135.0
1017,TATACONSUM,Mar 2013,6.0535981499115765,10.474765338049245,9.251559251559252,0.28877338877338876,9.833333333333334,0.835910848305663,197.0,24.0,6.0,7.7581,36.0,1389,173.0
1018,TATACONSUM,Mar 2014,6.590850348927371,9.7182734556733,8.719439220379552,0.24585399213540776,10.597701149425287,0.7807486631016043,421.0,1.0,7.0,9.4339,29.0,1438,422.0
1019,TATACONSUM,Mar 2015,3.415488552483423,9.908670086325534,4.96996176952485,0.24103404332787184,8.71951219512195,0.8451046732924509,211.0,207.0,4.0,8.8597,6.0,1324,418.0
1020,TATACONSUM,Mar 2016,-0.5574807895133344,5.514539701672443,-0.5922842964623019,0.21674403713782617,3.452991452991453,0.6707427993936331,261.0,145.0,0.0,9.9159,-999.0,1354,116.0
1021,TATACONSUM,Mar 2017,6.710914454277287,11.666666666666666,7.262569832402235,0.12561851556264964,20.441860465116278,0.7098733116951105,886.0,145.0,6.0,9.9444,38.0,787,741.0
1022,TATACONSUM,Mar 2018,8.158473954512106,12.311078503301541,7.907836723083488,0.1518987341772152,17.53846153846154,0.6514673549373865,325.0,31.0,8.0,11.1603,30.0,1068,356.0
1023,TATACONSUM,Mar 2019,6.301709873138445,10.83838940981798,6.232951445717403,0.15561920349154393,11.666666666666666,0.6664828600312471,263.0,53.0,6.0,11.6381,39.0,1141,210.0
1024,TATACONSUM,Mar 2020,4.77326968973747,13.406661824219155,3.329714078899747,0.11480275063336953,16.36231884057971,0.5216802901531965,460.0,622.0,5.0,15.0163,54.0,1586,1082.0
1025,TATACONSUM,Mar 2021,8.015859334597483,13.308050336148941,6.398789046374019,0.11242603550295859,22.397260273972602,0.5738450885349689,1310.0,346.0,9.0,15.7978,44.0,1634,1656.0
1026,TATACONSUM,Mar 2022,8.169014084507042,13.835010060362174,6.703209615638621,0.09325056135252939,20.770114942528735,0.5895610913404508,199.0,1317.0,10.0,16.4587,60.0,1412,1516.0
1027,TATACONSUM,Mar 2023,9.577015163607342,13.465863745193355,8.109602506604412,0.09829821220126558,16.8,0.6055267551181794,627.0,834.0,12.0,17.5022,65.0,1600,1461.0
1028,TATACONSUM,Mar 2024,7.9902669998684726,15.020386689464685,7.566793298872766,0.21654107242947002,25.32183908045977,0.5454284586965099,26.0,1911.0,12.0,16.9021,64.0,3477,1937.0
1029,TATAMOTORS,Mar 2013,5.284094219595007,13.02802540348424,26.505832026994714,1.427212583362117,6.968820224719101,1.1215647834610587,-806.0,22969.0,35.0,5.8992,6.0,53716,22163.0
1030,TATAMOTORS,Mar 2014,6.034342063444342,14.96903373218688,21.416377050179864,0.9243643680263398,7.305959149294588,1.0659628432512613,8160.0,27991.0,48.0,10.187,5.0,60642,36151.0
1031,TATAMOTORS,Mar 2015,5.347717539586334,14.910757374819026,25.013330489495573,1.3083431090256301,8.219090722073647,1.10890167077513,-701.0,36232.0,48.0,8.7363,0.0,73610,35531.0
1032,TATAMOTORS,Mar 2016,4.276935021937695,14.061733187814507,14.791265579086026,0.8785084608369642,7.307220290447944,1.0374718827892273,1206.0,36694.0,40.0,11.6277,1.0,69360,37900.0
1033,TATAMOTORS,Mar 2017,2.8020749518897414,10.971363735803303,13.015397333884469,1.3537942199717543,7.422840962718263,0.9894086139848852,-9372.0,39571.0,26.0,8.5511,0.0,78604,30199.0
1034,TATAMOTORS,Mar 2018,3.1181615503344196,10.789915966386554,9.526554051221863,0.9321163599782034,7.986117043998291,0.8910670187535148,-1282.0,25139.0,31.0,14.0542,0.0,88950,23857.0
1035,TATAMOTORS,Mar 2019,-9.513211321529585,8.16856440726242,-47.73093604081158,1.7643197793250136,-0.35110262198298314,0.9876841247877842,-1987.0,20878.0,-100.0,8.8629,0.0,106175,18891.0
1036,TATAMOTORS,Mar 2020,-4.586927543781696,6.889775843841452,-18.984131010320393,1.9782812029360008,2.4974458097473424,0.8153813960315949,-6482.0,33115.0,-39.0,8.761,0.0,124788,26633.0
1037,TATAMOTORS,Mar 2021,-5.362397165675854,12.92539882703817,-24.245660397849658,2.5726464785418215,2.6144250957144624,0.7313142254881869,3329.0,25672.0,-41.0,7.2124,0.0,142131,29001.0
1038,TATAMOTORS,Mar 2022,-4.061353042154179,8.877588398801956,-25.378694374004173,3.2864836965059134,2.9149484536082473,0.846207845961691,9839.0,4444.0,-34.0,5.8174,0.0,146449,14283.0
1039,TATAMOTORS,Mar 2023,0.7775308049611668,9.196252821800924,5.935307356250828,2.9591147786946737,3.763325183374083,1.0337432845097019,19971.0,15417.0,7.0,5.9167,32.0,134113,35388.0
1040,TATAMOTORS,Mar 2024,7.263066074788551,13.595385542828959,37.45613415294755,1.2631244259167667,6.530242339274985,1.1851234435931923,45133.0,22782.0,94.0,11.0859,7.0,107262,67915.0
1041,TATAPOWER,Mar 2013,0.37073876480694457,16.864092594267113,0.9971625456019456,3.0710985002026754,2.259651778955337,0.49328694410990676,-740.0,4026.0,0.0,5.2046,-319.0,37882,3286.0
1042,TATAPOWER,Mar 2014,0.033588982813637126,19.35845042825953,0.0967663898072736,3.2394968147730023,2.07703488372093,0.5004833083507277,2874.0,3609.0,-1.0,5.2325,-114.0,40173,6483.0
1043,TATAPOWER,Mar 2015,1.3604024647992141,18.756883874616737,3.1917865623690456,2.836080458164548,1.9889159232224927,0.4468045487796768,2116.0,3865.0,1.0,5.303,210.0,40607,5981.0
1044,TATAPOWER,Mar 2016,2.664948803146403,7.137044822675799,6.7566405914209575,3.3395512765408752,1.9051297898640296,0.42100004282227327,5610.0,1805.0,2.0,4.3085,53.0,38849,7415.0
1045,TATAPOWER,Mar 2017,3.9872408293460926,19.838335508191967,8.32450431360678,3.694187982442864,2.011887072808321,0.33307175023240654,-359.0,7373.0,3.0,4.8941,39.0,48815,7014.0
1046,TATAPOWER,Mar 2018,9.728017883755587,8.550670640834575,15.921702542837979,2.962924568571254,2.3613400691305504,0.32774874224588485,4852.0,1512.0,9.0,6.0737,15.0,48589,6364.0
1047,TATAPOWER,Mar 2019,8.721261001974499,10.27408721261002,14.236547391423107,2.649877082764272,2.4594724220623503,0.3554173159040358,4302.0,272.0,9.0,6.7796,15.0,48506,4574.0
1048,TATAPOWER,Mar 2020,4.516749038989566,23.355985722130697,6.725953184094859,2.6544004906470406,2.021584334668447,0.3249102303900796,6882.0,493.0,4.0,7.2467,41.0,51936,7375.0
1049,TATAPOWER,Mar 2021,4.400207931994006,21.163196037060818,6.446266182860727,2.092371097074766,2.1685785536159603,0.3314885206020982,9338.0,993.0,4.0,6.9759,44.0,46708,8345.0
1050,TATAPOWER,Mar 2022,5.035500747384155,16.421431240657697,9.606986899563319,2.281213795561893,2.466182948950505,0.38041759218125276,443.0,6250.0,5.0,7.0131,32.0,51195,6693.0
1051,TATAPOWER,Mar 2023,6.913571285996843,14.023117821045563,13.234681117132139,1.8383701542309296,3.0347666971637692,0.43021640019985014,-97.0,7263.0,10.0,8.9962,19.0,52923,7166.0
1052,TATAPOWER,Mar 2024,6.965125551270159,17.469771680580646,13.227840276919272,1.659321300531586,3.054392402331103,0.4419074604110633,3569.0,9027.0,12.0,10.1113,17.0,53689,12596.0
1053,TATASTEEL,Mar 2013,-5.398182789951898,2.943316111408041,-21.280580592297788,2.0054137890670725,1.3634072580645162,0.9171818404640649,936.0,13099.0,-6.0,3.5193,-11.0,68529,14035.0
1054,TATASTEEL,Mar 2014,2.466120284764558,10.889956531686112,9.042238231520773,2.0139396032764236,3.896702789946968,0.8660287638982774,-2232.0,15378.0,3.0,4.1743,27.0,81629,13146.0
1055,TATASTEEL,Mar 2015,-2.8235749512558783,2.4436575295332035,-12.564994098695333,2.574276691441513,1.939562706270627,0.8767825830091321,2859.0,9021.0,-3.0,3.2285,-20.0,80701,11880.0
1056,TATASTEEL,Mar 2016,-0.4874221546609131,-0.6129554258814298,-1.136467575230952,1.8747599012165006,2.3030087656953326,0.5764512335768074,2661.0,8794.0,0.0,4.5085,-203.0,81987,11455.0
1057,TATASTEEL,Mar 2017,-3.712410618082084,11.704467537555988,-11.023559586451254,2.195034242047648,1.8444400630914826,0.6512087771895133,1334.0,9490.0,-4.0,3.8989,-23.0,83014,10824.0
1058,TATASTEEL,Mar 2018,14.396060008600475,17.38999910749783,29.148527213287117,1.5138078888140494,5.926856095325389,0.5904935751861328,-3707.0,11730.0,12.0,5.3162,9.0,92147,8023.0
1059,TATASTEEL,Mar 2019,5.785538057576315,18.59465081912107,13.234675371780922,1.4626913311570549,4.026370757180157,0.6773508955076405,-3840.0,29176.0,9.0,6.0197,15.0,100816,25336.0
1060,TATASTEEL,Mar 2020,0.8396689959017859,12.489897508886616,1.5956290094596066,1.5810590409916276,1.93535112173105,0.5611782507656061,6157.0,14012.0,1.0,6.4259,74.0,116328,20169.0
1061,TATASTEEL,Mar 2021,5.240124380974318,19.517063994779072,11.031937391398053,1.19210926871321,4.033653214144866,0.6407881627984208,34890.0,9437.0,6.0,6.1969,40.0,88501,44327.0
1062,TATASTEEL,Mar 2022,17.113121467131773,26.02486483384503,36.48016916718366,0.6602500808262629,11.861955327718784,0.8638101847589778,33476.0,10905.0,33.0,9.3729,16.0,75561,44381.0
1063,TATASTEEL,Mar 2023,3.3182249653795104,13.272899861518042,7.833569391358336,0.8235482431462331,5.376885219876171,0.8526853915261602,3504.0,18179.0,7.0,8.4424,50.0,84893,21683.0
1064,TATASTEEL,Mar 2024,-2.1425049417247384,9.70803461170916,-5.334926929972293,0.9461835171402184,2.1634256792754396,0.8509498277091255,6048.0,14253.0,-4.0,7.3805,-101.0,87082,20301.0
1065,TCS,Mar 2013,22.346758957913288,28.639921256092332,36.51740777253152,0.008613085663882115,400.375,1.2129130401294,5577.0,6038.0,36.0,19.6663,31.0,332,11615.0
1066,TCS,Mar 2014,23.630651884267014,30.746005940666677,39.29667649151337,0.006037198902327472,686.9230769230769,1.224154184560595,5299.0,9452.0,49.0,25.0995,33.0,297,14751.0
1067,TCS,Mar 2015,21.194320006761895,25.866368016228552,39.616865804285574,0.007070208353905401,271.1730769230769,1.2909244660247143,17562.0,1807.0,51.0,25.8342,78.0,358,19369.0
1068,TCS,Mar 2016,22.401192864900686,28.2357380851573,34.2441467807294,0.0034472084646555608,1023.060606060606,1.23054444960415,14099.0,5010.0,62.0,36.0772,35.0,245,19109.0
1069,TCS,Mar 2017,22.342878456504415,27.390095451231712,30.571600900085834,0.003352123785000116,1141.625,1.152765969921726,8328.0,16895.0,67.0,43.7635,35.0,289,25223.0
1070,TCS,Mar 2018,21.02287496750715,26.41343904341045,30.401278075368854,0.002901513015694014,695.3461538461538,1.1710138310218214,28171.0,3104.0,67.0,44.5696,37.0,247,25067.0
1071,TCS,Mar 2019,21.549469831971216,26.973365286795982,35.28609440332715,0.000693155646982537,221.2979797979798,1.2858798430215714,30238.0,1645.0,84.0,23.8523,36.0,62,28593.0
1072,TCS,Mar 2020,20.673594607165384,26.829734499741953,38.56952666238737,0.09716377814231035,50.54220779220779,1.3065255937466183,41337.0,8968.0,86.0,22.4336,85.0,8174,32369.0
1073,TCS,Mar 2021,19.833472410873632,28.351108864213625,37.67311096456215,0.09018546157139055,76.0784929356358,1.2629777217059512,30846.0,7956.0,88.0,23.3603,43.0,7795,38802.0
1074,TCS,Mar 2022,20.051211448001087,27.669305464292794,43.13375739014349,0.08770571803587655,72.79974489795919,1.3606908688371038,39211.0,738.0,105.0,24.3549,41.0,7818,39949.0
1075,TCS,Mar 2023,18.763139919630266,26.283831134845514,46.7829337344068,0.08502167566132886,80.49807445442876,1.5781854835887132,42513.0,548.0,115.0,24.706,100.0,7688,41965.0
1076,TCS,Mar 2024,19.136712150207767,26.690688396923118,50.944313673485176,0.0886406082507266,87.09511568123393,1.6559406621205455,50429.0,6091.0,127.0,24.997,58.0,8021,44338.0
1078,TECHM,Mar 2013,19.01644114651535,20.689655172413794,24.087725764835973,0.25433099889421307,12.436893203883495,0.765026714158504,233.0,622.0,25.0,4.2391,5.0,1380,855.0
1080,TECHM,Mar 2014,16.28550154238911,22.189128816083397,33.34785449793073,0.03953387061642344,55.2,1.1795483061480552,1887.0,291.0,32.0,3.9239,15.0,363,1596.0
1082,TECHM,Mar 2015,11.754564342867248,18.535873745634586,21.70966688438929,0.057152188112344876,62.30434782608695,1.1397118097541314,583.0,1865.0,27.0,2.5517,22.0,700,2448.0
1084,TECHM,Mar 2016,11.425228353589493,16.0791122518306,20.745665136042764,0.07477211979987664,48.58762886597938,1.176204217536071,1684.0,1453.0,31.0,3.3466,35.0,1091,3137.0
1086,TECHM,Mar 2017,9.783466593459387,14.357777701520194,17.34501429701284,0.08310518951146803,38.44186046511628,1.1183559120389914,1178.0,2893.0,29.0,3.7442,28.0,1366,4071.0
1088,TECHM,Mar 2018,12.302992883371786,15.305625060930037,20.092341983760548,0.12720904314599585,37.82098765432099,1.0112385396470704,235.0,3319.0,39.0,4.2631,33.0,2397,3554.0
1090,TECHM,Mar 2019,12.345288123884636,18.050198606873526,21.143702243036728,0.09839783090953907,51.16541353383459,1.0387490282843987,2328.0,2104.0,44.0,4.5687,29.0,1996,4432.0
1092,TECHM,Mar 2020,10.570142128675274,14.926223283063903,17.865493054600467,0.16824829230275523,34.869791666666664,0.9879414759633421,5439.0,1081.0,42.0,5.003,32.0,3670,4358.0
1094,TECHM,Mar 2021,11.499141460837405,17.952714304583278,17.506535290569072,0.11667001809772773,43.58620689655172,0.9558860663602848,2661.0,5433.0,46.0,5.6899,89.0,2901,8094.0
1096,TECHM,Mar 2022,12.610312234018725,17.963535367110158,20.940266309603512,0.09737409804359146,56.04294478527607,1.0051783141210375,5765.0,480.0,57.0,6.1244,47.0,2618,5285.0
1098,TECHM,Mar 2023,9.11428035278664,14.567461062112965,17.3936398796734,0.09812347801174617,26.773006134969325,1.162851594038449,5346.0,226.0,50.0,6.3464,91.0,2740,5572.0
1100,TECHM,Mar 2024,4.60996999769213,8.666051234710363,8.987963553189097,0.09512917619708275,13.85969387755102,1.2050337203643189,5058.0,1318.0,24.0,6.0474,150.0,2537,6376.0
1101,TITAN,Mar 2013,7.161908525140769,10.01679344067964,36.80203045685279,0.0,21.823529411764707,1.720428280081577,411.0,142.0,8.0,2.2135,26.0,0,553.0
1102,TITAN,Mar 2014,6.726457399103139,9.581769927702021,29.131985731272298,0.31985731272294887,13.379310344827585,1.7880870561282933,-826.0,271.0,8.0,2.8348,25.0,807,-555.0
1103,TITAN,Mar 2015,6.849660035255603,9.678502476286411,26.459143968871597,0.0324254215304799,15.061728395061728,2.030163599182004,385.0,118.0,9.0,3.4652,25.0,100,503.0
1104,TITAN,Mar 2016,5.9861653068464,8.32742107130188,19.24721984602224,0.03222127174222983,24.0,1.7779880163986124,417.0,159.0,8.0,3.9404,29.0,113,576.0
1105,TITAN,Mar 2017,5.256013875273358,8.777618580800844,16.46586345381526,0.44460193716040636,29.526315789473685,1.5771883920076117,759.0,953.0,8.0,4.7562,32.0,1882,1712.0
1106,TITAN,Mar 2018,6.836228287841191,10.198511166253102,21.650294695481335,0.33222003929273086,32.339622641509436,1.6930994643419808,47.0,98.0,13.0,5.7191,29.0,1691,-51.0
1107,TITAN,Mar 2019,7.022599726983164,10.081399464078062,22.8830313014827,0.3942339373970346,40.9811320754717,1.689069171648164,446.0,797.0,16.0,6.8202,32.0,2393,1243.0
1108,TITAN,Mar 2020,7.091962758882767,11.69960098802964,22.38716449242765,0.5341130604288499,15.759036144578314,1.554341405788541,-113.0,235.0,17.0,7.4933,24.0,3562,-348.0
1109,TITAN,Mar 2021,4.500092404361486,7.969876178155609,12.99186341203148,0.7520341469921302,9.38423645320197,1.3162247628314279,1340.0,2799.0,11.0,8.4236,37.0,5638,4139.0
1110,TITAN,Mar 2022,7.632209451717073,11.611514288690579,23.6267870579383,0.782005804579168,16.15137614678899,1.3592127619407213,441.0,1165.0,24.0,10.4528,31.0,7275,-724.0
1111,TITAN,Mar 2023,8.069008009858287,12.03203943314849,27.626360644671337,0.7903974348156274,17.293333333333333,1.5016654330125834,-444.0,1814.0,37.0,13.3157,27.0,9367,1370.0
1112,TITAN,Mar 2024,6.843630099444054,10.359408033826638,37.2192057915469,1.653145959757266,9.411954765751211,1.619298190002219,1506.0,189.0,39.0,10.5539,28.0,15528,1695.0
1113,TORNTPHARM,Mar 2013,13.581017795816422,21.76084920387137,30.590717299578056,0.4873417721518987,20.529411764705884,0.8534505728750333,-94.0,247.0,13.0,3.3857,45.0,693,153.0
1114,TORNTPHARM,Mar 2014,15.915627996164908,22.890699904122723,34.8922753547031,0.5948502364687336,16.76271186440678,0.8307447232178415,181.0,418.0,20.0,2.2388,25.0,1132,599.0
1115,TORNTPHARM,Mar 2015,16.199309749784298,22.001725625539258,30.148534725010034,1.099959855479727,7.462857142857143,0.5928388746803069,-1303.0,2113.0,22.0,2.9306,25.0,2740,810.0
1116,TORNTPHARM,Mar 2016,25.915956333183786,40.87034544638852,49.59931310818546,0.6731539782484258,15.027173913043478,0.7525320729237002,1873.0,869.0,51.0,4.1106,34.0,2352,2742.0
1117,TORNTPHARM,Mar 2017,16.059147180192575,23.676066024759283,21.466329579407034,0.5768788784187543,7.766990291262136,0.6057702322674722,211.0,798.0,28.0,5.1188,25.0,2510,1009.0
1118,TORNTPHARM,Mar 2018,11.394957983193276,22.672268907563026,14.665801427644388,1.3977936404931863,5.35064935064935,0.4177490697184582,-3783.0,4677.0,20.0,5.4388,35.0,6462,894.0
1119,TORNTPHARM,Mar 2019,5.682262478821843,25.843868108953473,9.227513227513228,1.2778835978835978,3.3392857142857144,0.5436831290299724,1552.0,246.0,13.0,5.5588,66.0,6038,1798.0
1120,TORNTPHARM,Mar 2020,12.910945962967629,27.333417306965615,21.24792703150912,1.199004975124378,5.0798226164079825,0.5666666666666667,1622.0,229.0,30.0,5.6753,53.0,5784,1393.0
1121,TORNTPHARM,Mar 2021,15.640224859462837,30.98063710181137,21.44570058239123,0.8348749571771155,7.186968838526912,0.5687388987566607,1561.0,444.0,37.0,6.8682,47.0,4874,2005.0
1122,TORNTPHARM,Mar 2022,9.132581100141044,28.573107663375648,13.052242566773057,0.6836888963547791,8.403921568627451,0.6592282659228266,1607.0,196.0,23.0,7.0035,105.0,4070,1803.0
1123,TORNTPHARM,Mar 2023,12.941787941787942,29.54261954261954,20.087124878993222,0.8662471765085511,8.66966966966967,0.6584531143052703,33.0,2335.0,37.0,3.6675,60.0,5369,2368.0
1124,TORNTPHARM,Mar 2024,15.436241610738255,31.3944817300522,24.154025670945156,0.5866394399066511,9.926553672316384,0.7396070320579111,3106.0,160.0,49.0,4.0568,57.0,4022,3266.0
1125,TRENT,Mar 2013,-1.2664165103189493,0.23452157598499063,-2.1933387489845653,0.2786352558895207,2.1724137931034484,0.965142598460842,-245.0,276.0,-1.0,3.7303,-87.0,343,31.0
1126,TRENT,Mar 2014,-0.8144020574367767,-0.42863266180882986,-1.917255297679112,0.3350151362260343,3.1153846153846154,1.2050619834710743,-94.0,48.0,-1.0,3.003,-125.0,332,-46.0
1127,TRENT,Mar 2015,5.64798598949212,3.852889667250438,9.071729957805907,0.1877637130801688,13.454545454545455,1.0348889895786135,-316.0,306.0,4.0,4.3091,26.0,267,-10.0
1128,TRENT,Mar 2016,3.262158956109134,5.338078291814947,3.7568306010928962,0.273224043715847,3.6666666666666665,0.7816411682892906,11.0,98.0,2.0,4.4364,54.0,400,109.0
1129,TRENT,Mar 2017,4.690949227373068,7.39514348785872,5.4945054945054945,0.25339366515837103,4.673913043478261,0.8154815481548154,58.0,44.0,3.0,4.6879,39.0,392,102.0
1130,TRENT,Mar 2018,4.033379694019471,9.643022716736208,5.454545454545454,0.245141065830721,5.340909090909091,0.9233732876712328,73.0,4.0,3.0,4.8333,44.0,391,77.0
1131,TRENT,Mar 2019,3.6121673003802277,9.163498098859316,5.771567436208992,0.3001215066828676,5.313725490196078,1.0277452129738178,-16.0,37.0,3.0,4.9879,45.0,494,21.0
1132,TRENT,Mar 2020,3.040734366035571,15.174985656913368,4.438860971524288,0.12562814070351758,2.570342205323194,0.633012529507899,-448.0,809.0,3.0,6.6333,29.0,300,361.0
1133,TRENT,Mar 2021,-6.980331662167373,4.3964519861164675,-7.825335062689148,0.1297016861219196,1.1992337164750957,0.453004891684137,303.0,18.0,-4.0,6.425,-15.0,300,285.0
1134,TRENT,Mar 2022,0.7781236104935527,13.228101378390395,1.4805414551607445,1.998730964467005,2.2984615384615386,0.582190007765985,114.0,56.0,3.0,6.5667,57.0,4725,58.0
1135,TRENT,Mar 2023,4.780393108468818,13.516136859985439,15.177195685670261,1.7195685670261942,3.5574572127139366,1.0197970799307101,492.0,103.0,13.0,7.2111,18.0,4464,595.0
1136,TRENT,Mar 2024,11.935353535353535,15.927272727272726,36.30776794493609,0.4309242871189774,8.043478260869565,1.7278693102485339,841.0,508.0,42.0,11.3,8.0,1753,1349.0
1137,TVSMOTOR,Mar 2013,2.6364846870838883,5.832223701731025,22.024471635150167,1.1879866518353726,5.514563106796117,2.2212363206152026,344.0,120.0,4.0,1.8729,30.0,1068,464.0
1138,TVSMOTOR,Mar 2014,2.23043893129771,5.868320610687023,16.1068044788975,0.6270456503014643,6.7,2.3083700440528636,235.0,235.0,4.0,2.4188,37.0,728,470.0
1139,TVSMOTOR,Mar 2015,3.1981279251170043,5.898985959438377,24.754716981132074,0.8445283018867924,11.048387096774194,2.2442013129102847,-332.0,415.0,7.0,2.7604,28.0,1119,83.0
1140,TVSMOTOR,Mar 2016,3.7707655796782986,7.198734288476752,23.58438702583837,0.59978009895547,13.028571428571428,2.210843373493976,331.0,605.0,9.0,3.7896,28.0,1091,936.0
1141,TVSMOTOR,Mar 2017,4.084088903153334,6.988686512075744,22.95895354082093,0.591339648173207,17.233333333333334,2.033779373368146,-20.0,709.0,11.0,4.6188,23.0,1311,689.0
1142,TVSMOTOR,Mar 2018,4.069767441860465,9.614443084455324,24.8319641523525,2.5870052277819267,4.8579881656804735,1.238817285822593,-741.0,1095.0,14.0,5.5792,24.0,6928,354.0
1143,TVSMOTOR,Mar 2019,3.5962301587301586,10.729166666666666,22.863450015767896,2.9321980447808262,3.300150829562594,1.2074748442740777,-2022.0,1104.0,15.0,6.6063,24.0,9298,-918.0
1144,TVSMOTOR,Mar 2020,3.4325428404689906,12.011247281022866,19.70758452634785,3.5306122448979593,2.6619883040935672,0.9780510585305106,-717.0,1090.0,13.0,6.8396,27.0,11591,373.0
1145,TVSMOTOR,Mar 2021,3.1306317903300553,11.49271407239586,15.88711784687745,3.182388293702639,2.5743473325766173,0.8882231877429683,269.0,882.0,13.0,7.9729,28.0,12179,1151.0
1146,TVSMOTOR,Mar 2022,3.0014370765756517,11.311845616916443,16.613636363636363,3.5970454545454547,2.925531914893617,0.9047512909097664,-3046.0,1471.0,16.0,9.1667,24.0,15827,-1575.0
1147,TVSMOTOR,Mar 2023,4.093951335460061,12.594608119096767,23.77838328792007,4.064668483197093,3.04312865497076,0.9128907922912206,-5713.0,1308.0,28.0,11.4688,18.0,22376,-4405.0
1148,TVSMOTOR,Mar 2024,4.544641716694342,14.050325712096054,26.223466981132077,3.833431603773585,2.9076763485477177,0.931491528650295,-2254.0,1001.0,36.0,14.1333,23.0,26006,-1253.0
1149,ULTRACEMCO,Mar 2013,13.10324656332261,23.588768645802865,17.650535163175523,0.4821065073215576,20.408730158730158,0.6934622405516868,-744.0,4362.0,98.0,5.558,9.0,7342,3618.0
1150,ULTRACEMCO,Mar 2014,10.675349734684032,19.46454413892909,12.879757886159934,0.4267256431148877,12.069252077562327,0.6440888612707784,1113.0,2342.0,80.0,6.2708,11.0,7332,3455.0
1151,ULTRACEMCO,Mar 2015,9.019136702994937,18.986527074573072,11.039336169318839,0.5162018801533533,8.13458262350937,0.6124615667621476,2046.0,2144.0,76.0,6.9493,12.0,9829,4190.0
1152,ULTRACEMCO,Mar 2016,9.859658887607841,19.484753309744367,11.300979722032354,0.4837548416495785,9.478798586572438,0.6106134537421407,853.0,3673.0,90.0,8.0091,11.0,10616,4526.0
1153,ULTRACEMCO,Mar 2017,10.695566502463054,20.53990147783251,11.126598884880288,0.3474089865529682,9.15625,0.6011751048354617,2504.0,2501.0,99.0,8.8698,10.0,8474,5005.0
1154,ULTRACEMCO,Mar 2018,7.179056780399626,19.836017947641952,8.429990144795694,0.7383822303085437,5.159127625201939,0.542150119878896,5754.0,1866.0,81.0,9.5935,13.0,19480,3888.0
1155,ULTRACEMCO,Mar 2019,5.788432781824321,17.719839853359705,7.110900417765399,0.7507036828538414,4.329021372328459,0.5418098660568441,7121.0,1165.0,88.0,12.2731,13.0,25337,5956.0
1156,ULTRACEMCO,Mar 2020,13.5540890879095,21.791185481970306,14.729535908206126,0.5895656182768159,4.968373493975903,0.5356376398111445,4780.0,4192.0,199.0,13.51,7.0,23019,8972.0
1157,ULTRACEMCO,Mar 2021,12.212136117694406,25.86415060591155,12.364459535936616,0.49165817770232034,8.20121130551817,0.5190076123282584,3644.0,8856.0,189.0,15.2855,20.0,21719,12500.0
1158,ULTRACEMCO,Mar 2022,13.94323085990228,21.890150002851765,14.54120072963756,0.22402648901578237,12.892063492063492,0.6275906503919533,11540.0,2257.0,254.0,17.4519,15.0,11299,9283.0
1159,ULTRACEMCO,Mar 2023,8.021821631878558,16.793168880455408,9.3382420616659,0.20355269213069488,13.520048602673148,0.6920551543007223,1881.0,7188.0,175.0,18.7976,22.0,11058,9069.0
1160,ULTRACEMCO,Mar 2024,9.877587860326056,18.28989676764258,11.629142591485687,0.1893305439330544,13.983471074380166,0.7034733176582636,2109.0,8789.0,243.0,20.8401,29.0,11403,10898.0
1161,UNIONBANK,Mar 2013,8.52636179427073,1.2912710079860146,12.391015647554708,16.605404469080202,0.18167852062588905,0.0804347548192463,-4588.0,343.0,36.0,2.901,22.0,287589,-4245.0
1162,UNIONBANK,Mar 2014,5.739266516976254,-3.0686534666938834,9.053343350864013,17.552753032091875,0.10429962267666651,0.082796967998355,2207.0,363.0,27.0,2.9578,15.0,327078,2570.0
1163,UNIONBANK,Mar 2015,5.506155950752394,-3.025121253575426,8.899944720840242,17.72038795919393,0.12622673434856177,0.08385519050176501,-3885.0,318.0,28.0,3.1288,22.0,352618,-3567.0
1164,UNIONBANK,Mar 2016,4.168213887857409,-5.966084911498948,5.844324887191947,16.259718847622352,0.08395413074411986,0.07932934837308066,72.0,9.0,20.0,3.3549,10.0,374754,81.0
1165,UNIONBANK,Mar 2017,1.7460462565133925,-14.717981533961058,2.3782841489229236,17.366870045241356,0.025240839678599976,0.07201748591668294,-6904.0,280.0,8.0,3.507,0.0,418420,-6624.0
1166,UNIONBANK,Mar 2018,-15.816945860645786,-35.506190823015295,-20.639949310945667,18.05674798035799,-0.26577478590601167,0.0670956181788565,5782.0,315.0,-45.0,2.1601,0.0,455969,6097.0
1167,UNIONBANK,Mar 2019,-8.515474733344991,-25.065570904004197,-10.888358920852587,17.17021910866001,-0.14893706059591563,0.06882332058381688,-8075.0,297.0,-17.0,1.5222,0.0,460780,-7778.0
1168,UNIONBANK,Mar 2020,-8.327329971450679,-25.408895648229674,-9.182112385995882,14.861724036481318,-0.144521422765801,0.06746785380614896,-81.0,4.0,-9.0,0.993,0.0,505150,-77.0
1169,UNIONBANK,Mar 2021,4.130657471397036,-15.97293358918498,4.4224412246285025,15.100497389477587,0.07335872324990932,0.06403591354953034,19926.0,601.0,4.0,1.0104,0.0,977576,20527.0
1170,UNIONBANK,Mar 2022,7.71654697347208,-6.174703209731789,7.430039090614018,15.32031724079536,0.2317437403554184,0.05715525488244765,35781.0,558.0,8.0,1.0367,25.0,1085613,36339.0
1171,UNIONBANK,Mar 2023,10.48753742468859,-3.725835664034104,10.801482158266078,14.758882797827521,0.26837799013178437,0.06299729034731832,3495.0,2561.0,12.0,1.1529,24.0,1163059,6056.0
1172,UNIONBANK,Mar 2024,13.745317605802185,4.572806248505619,14.136560175413432,12.823705403799257,0.35356038128906003,0.07159506874484663,18536.0,1394.0,18.0,1.2785,20.0,1251568,19930.0
1173,INDIGO,Mar 2013,8.551559274149733,90.7095512332935,17886.363636363636,2.5,28.23310810810811,353.96153846153845,-149.0,1890.0,25647.0,1.1,70.0,11,1741.0
1174,INDIGO,Mar 2014,4.263740217684627,96.10506431591257,10772.727272727272,3.1818181818181817,27.335038363171357,317.62857142857143,-1319.0,2914.0,15454.0,1.1,80.0,14,1595.0
1175,INDIGO,Mar 2015,9.364452423698385,86.33393177737881,4939.39393939394,0.15151515151515152,30.470886075949366,228.27868852459017,1444.0,940.0,42481.0,6.6,83.0,4,2384.0
1176,INDIGO,Mar 2016,12.304832713754648,80.39653035935564,1534.775888717156,0.061823802163833076,25.23495145631068,82.34693877551021,1779.0,1337.0,55.0,32.35,27.0,8,3116.0
1177,INDIGO,Mar 2017,8.928955866523143,88.06243272335846,1692.8571428571427,0.5306122448979592,20.752851711026615,75.52845528455285,749.0,3033.0,46.0,0.3379,74.0,52,3782.0
1178,INDIGO,Mar 2018,9.738934016767299,86.8381043395161,2242.0,0.54,21.123548046462513,82.51254480286738,-249.0,4152.0,58.0,0.3448,10.0,54,3903.0
1179,INDIGO,Mar 2019,0.547426044846826,100.52988033828123,120.93023255813952,0.6821705426356589,21.620377358490565,76.39946380697052,634.0,2526.0,4.0,0.4448,123.0,88,3160.0
1180,INDIGO,Mar 2020,-0.69358988701197,88.62009173285603,-138.54748603351956,0.41899441340782123,20.70411495754409,84.72985781990522,2370.0,4573.0,-6.0,0.6172,0.0,75,6943.0
1181,INDIGO,Mar 2021,-42.14876033057851,99.97950959633904,-1094.148936170213,0.015957446808510637,14.12934362934363,18.053020961775587,1608.0,3228.0,-151.0,1.175,0.0,9,-1620.0
1182,INDIGO,Mar 2022,-1.2224750298870077,97.84813543635032,-48.769230769230774,0.018461538461538463,35.0,28.18586956521739,3591.0,1527.0,-160.0,1.3542,0.0,12,2064.0
1183,INDIGO,Mar 2023,-0.582228262865959,88.02483194357713,-40.7979407979408,0.015444015444015444,33.49965059399022,51.26741996233522,8664.0,4039.0,-8.0,1.6187,0.0,12,12703.0
1184,INDIGO,Mar 2024,11.852722628584697,76.29890862649484,892.568306010929,0.018579234972677595,22.612639724849526,56.38625204582652,9424.0,11759.0,212.0,1.9062,0.0,17,21183.0
